[  0%] Generating bindings
Built-in type config: float_64
[  0%] Building CXX object CMakeFiles/godot-cpp.template_release.dir/src/classes/low_level.cpp.o
[  0%] Building CXX object CMakeFiles/godot-cpp.template_release.dir/src/classes/editor_plugin_registration.cpp.o
[  0%] Building CXX object CMakeFiles/godot-cpp.template_release.dir/src/classes/wrapped.cpp.o
[  0%] Building CXX object CMakeFiles/godot-cpp.template_release.dir/src/core/class_db.cpp.o
[  0%] Building CXX object CMakeFiles/godot-cpp.template_release.dir/src/core/error_macros.cpp.o
[  0%] Building CXX object CMakeFiles/godot-cpp.template_release.dir/src/core/memory.cpp.o
[  0%] Building CXX object CMakeFiles/godot-cpp.template_release.dir/src/core/method_bind.cpp.o
[  0%] Building CXX object CMakeFiles/godot-cpp.template_release.dir/src/core/object.cpp.o
[  2%] Building CXX object CMakeFiles/godot-cpp.template_release.dir/src/core/print_string.cpp.o
[  2%] Building CXX object CMakeFiles/godot-cpp.template_release.dir/src/godot.cpp.o
[  2%] Building CXX object CMakeFiles/godot-cpp.template_release.dir/src/variant/aabb.cpp.o
[  2%] Building CXX object CMakeFiles/godot-cpp.template_release.dir/src/variant/basis.cpp.o
[  2%] Building CXX object CMakeFiles/godot-cpp.template_release.dir/src/variant/callable_custom.cpp.o
[  2%] Building CXX object CMakeFiles/godot-cpp.template_release.dir/src/variant/callable_method_pointer.cpp.o
[  2%] Building CXX object CMakeFiles/godot-cpp.template_release.dir/src/variant/char_string.cpp.o
[  2%] Building CXX object CMakeFiles/godot-cpp.template_release.dir/src/variant/color.cpp.o
[  2%] Building CXX object CMakeFiles/godot-cpp.template_release.dir/src/variant/packed_arrays.cpp.o
[  2%] Building CXX object CMakeFiles/godot-cpp.template_release.dir/src/variant/plane.cpp.o
[  2%] Building CXX object CMakeFiles/godot-cpp.template_release.dir/src/variant/projection.cpp.o
[  2%] Building CXX object CMakeFiles/godot-cpp.template_release.dir/src/variant/quaternion.cpp.o
[  2%] Building CXX object CMakeFiles/godot-cpp.template_release.dir/src/variant/rect2.cpp.o
[  2%] Building CXX object CMakeFiles/godot-cpp.template_release.dir/src/variant/rect2i.cpp.o
[  2%] Building CXX object CMakeFiles/godot-cpp.template_release.dir/src/variant/transform2d.cpp.o
[  2%] Building CXX object CMakeFiles/godot-cpp.template_release.dir/src/variant/transform3d.cpp.o
[  2%] Building CXX object CMakeFiles/godot-cpp.template_release.dir/src/variant/variant.cpp.o
[  2%] Building CXX object CMakeFiles/godot-cpp.template_release.dir/src/variant/variant_internal.cpp.o
[  2%] Building CXX object CMakeFiles/godot-cpp.template_release.dir/src/variant/vector2.cpp.o
[  2%] Building CXX object CMakeFiles/godot-cpp.template_release.dir/src/variant/vector2i.cpp.o
[  2%] Building CXX object CMakeFiles/godot-cpp.template_release.dir/src/variant/vector3.cpp.o
[  2%] Building CXX object CMakeFiles/godot-cpp.template_release.dir/src/variant/vector3i.cpp.o
[  2%] Building CXX object CMakeFiles/godot-cpp.template_release.dir/src/variant/vector4.cpp.o
[  2%] Building CXX object CMakeFiles/godot-cpp.template_release.dir/src/variant/vector4i.cpp.o
[  2%] Building CXX object CMakeFiles/godot-cpp.template_release.dir/gen/src/variant/string.cpp.o
[  2%] Building CXX object CMakeFiles/godot-cpp.template_release.dir/gen/src/variant/string_name.cpp.o
[  2%] Building CXX object CMakeFiles/godot-cpp.template_release.dir/gen/src/variant/node_path.cpp.o
[  2%] Building CXX object CMakeFiles/godot-cpp.template_release.dir/gen/src/variant/rid.cpp.o
[  2%] Building CXX object CMakeFiles/godot-cpp.template_release.dir/gen/src/variant/callable.cpp.o
[  2%] Building CXX object CMakeFiles/godot-cpp.template_release.dir/gen/src/variant/signal.cpp.o
[  5%] Building CXX object CMakeFiles/godot-cpp.template_release.dir/gen/src/variant/dictionary.cpp.o
[  5%] Building CXX object CMakeFiles/godot-cpp.template_release.dir/gen/src/variant/array.cpp.o
[  5%] Building CXX object CMakeFiles/godot-cpp.template_release.dir/gen/src/variant/packed_byte_array.cpp.o
[  5%] Building CXX object CMakeFiles/godot-cpp.template_release.dir/gen/src/variant/packed_int32_array.cpp.o
[  5%] Building CXX object CMakeFiles/godot-cpp.template_release.dir/gen/src/variant/packed_int64_array.cpp.o
[  5%] Building CXX object CMakeFiles/godot-cpp.template_release.dir/gen/src/variant/packed_float32_array.cpp.o
[  5%] Building CXX object CMakeFiles/godot-cpp.template_release.dir/gen/src/variant/packed_float64_array.cpp.o
[  5%] Building CXX object CMakeFiles/godot-cpp.template_release.dir/gen/src/variant/packed_string_array.cpp.o
[  5%] Building CXX object CMakeFiles/godot-cpp.template_release.dir/gen/src/variant/packed_vector2_array.cpp.o
[  5%] Building CXX object CMakeFiles/godot-cpp.template_release.dir/gen/src/variant/packed_vector3_array.cpp.o
[  5%] Building CXX object CMakeFiles/godot-cpp.template_release.dir/gen/src/variant/packed_color_array.cpp.o
[  5%] Building CXX object CMakeFiles/godot-cpp.template_release.dir/gen/src/variant/packed_vector4_array.cpp.o
[  5%] Building CXX object CMakeFiles/godot-cpp.template_release.dir/gen/src/classes/aes_context.cpp.o
[  5%] Building CXX object CMakeFiles/godot-cpp.template_release.dir/gen/src/classes/a_star2d.cpp.o
[  5%] Building CXX object CMakeFiles/godot-cpp.template_release.dir/gen/src/classes/a_star3d.cpp.o
[  5%] Building CXX object CMakeFiles/godot-cpp.template_release.dir/gen/src/classes/a_star_grid2d.cpp.o
[  5%] Building CXX object CMakeFiles/godot-cpp.template_release.dir/gen/src/classes/accept_dialog.cpp.o
[  5%] Building CXX object CMakeFiles/godot-cpp.template_release.dir/gen/src/classes/animatable_body2d.cpp.o
[  5%] Building CXX object CMakeFiles/godot-cpp.template_release.dir/gen/src/classes/animatable_body3d.cpp.o
[  5%] Building CXX object CMakeFiles/godot-cpp.template_release.dir/gen/src/classes/animated_sprite2d.cpp.o
[  5%] Building CXX object CMakeFiles/godot-cpp.template_release.dir/gen/src/classes/animated_sprite3d.cpp.o
[  5%] Building CXX object CMakeFiles/godot-cpp.template_release.dir/gen/src/classes/animated_texture.cpp.o
[  5%] Building CXX object CMakeFiles/godot-cpp.template_release.dir/gen/src/classes/animation.cpp.o
[  5%] Building CXX object CMakeFiles/godot-cpp.template_release.dir/gen/src/classes/animation_library.cpp.o
[  5%] Building CXX object CMakeFiles/godot-cpp.template_release.dir/gen/src/classes/animation_mixer.cpp.o
[  5%] Building CXX object CMakeFiles/godot-cpp.template_release.dir/gen/src/classes/animation_node.cpp.o
[  5%] Building CXX object CMakeFiles/godot-cpp.template_release.dir/gen/src/classes/animation_node_add2.cpp.o
[  5%] Building CXX object CMakeFiles/godot-cpp.template_release.dir/gen/src/classes/animation_node_add3.cpp.o
gmake[3]: *** [CMakeFiles/godot-cpp.template_release.dir/build.make:6880: CMakeFiles/godot-cpp.template_release.dir/gen/src/classes/animation_node_add3.cpp.o] Terminated
gmake[2]: *** [CMakeFiles/Makefile2:138: CMakeFiles/godot-cpp.template_release.dir/all] Terminated
gmake[1]: *** [CMakeFiles/Makefile2:145: CMakeFiles/godot-cpp.template_release.dir/rule] Terminated
gmake: *** [Makefile:151: godot-cpp.template_release] Terminated
[  0%] Building CXX object CMakeFiles/godot-cpp.template_release.dir/gen/src/classes/animation_node_add3.cpp.o
[  0%] Building CXX object CMakeFiles/godot-cpp.template_release.dir/gen/src/classes/animation_node_add2.cpp.o
[  0%] Building CXX object CMakeFiles/godot-cpp.template_release.dir/gen/src/classes/animation_node_animation.cpp.o
[  0%] Building CXX object CMakeFiles/godot-cpp.template_release.dir/gen/src/classes/animation_node_blend2.cpp.o
[  0%] Building CXX object CMakeFiles/godot-cpp.template_release.dir/gen/src/classes/animation_node_blend3.cpp.o
[  2%] Building CXX object CMakeFiles/godot-cpp.template_release.dir/gen/src/classes/animation_node_blend_space1_d.cpp.o
[  2%] Building CXX object CMakeFiles/godot-cpp.template_release.dir/gen/src/classes/animation_node_blend_space2d.cpp.o
[  2%] Building CXX object CMakeFiles/godot-cpp.template_release.dir/gen/src/classes/animation_node_blend_tree.cpp.o
[  2%] Building CXX object CMakeFiles/godot-cpp.template_release.dir/gen/src/classes/animation_node_extension.cpp.o
[  2%] Building CXX object CMakeFiles/godot-cpp.template_release.dir/gen/src/classes/animation_node_one_shot.cpp.o
[  2%] Building CXX object CMakeFiles/godot-cpp.template_release.dir/gen/src/classes/animation_node_output.cpp.o
[  2%] Building CXX object CMakeFiles/godot-cpp.template_release.dir/gen/src/classes/animation_node_state_machine.cpp.o
[  2%] Building CXX object CMakeFiles/godot-cpp.template_release.dir/gen/src/classes/animation_node_state_machine_playback.cpp.o
[  2%] Building CXX object CMakeFiles/godot-cpp.template_release.dir/gen/src/classes/animation_node_state_machine_transition.cpp.o
[  2%] Building CXX object CMakeFiles/godot-cpp.template_release.dir/gen/src/classes/animation_node_sub2.cpp.o
[  2%] Building CXX object CMakeFiles/godot-cpp.template_release.dir/gen/src/classes/animation_node_sync.cpp.o
[  2%] Building CXX object CMakeFiles/godot-cpp.template_release.dir/gen/src/classes/animation_node_time_scale.cpp.o
[  2%] Building CXX object CMakeFiles/godot-cpp.template_release.dir/gen/src/classes/animation_node_time_seek.cpp.o
[  2%] Building CXX object CMakeFiles/godot-cpp.template_release.dir/gen/src/classes/animation_node_transition.cpp.o
[  2%] Building CXX object CMakeFiles/godot-cpp.template_release.dir/gen/src/classes/animation_player.cpp.o
[  2%] Building CXX object CMakeFiles/godot-cpp.template_release.dir/gen/src/classes/animation_root_node.cpp.o
[  2%] Building CXX object CMakeFiles/godot-cpp.template_release.dir/gen/src/classes/animation_tree.cpp.o
[  2%] Building CXX object CMakeFiles/godot-cpp.template_release.dir/gen/src/classes/area2d.cpp.o
[  2%] Building CXX object CMakeFiles/godot-cpp.template_release.dir/gen/src/classes/area3d.cpp.o
[  2%] Building CXX object CMakeFiles/godot-cpp.template_release.dir/gen/src/classes/array_mesh.cpp.o
[  2%] Building CXX object CMakeFiles/godot-cpp.template_release.dir/gen/src/classes/array_occluder3d.cpp.o
[  2%] Building CXX object CMakeFiles/godot-cpp.template_release.dir/gen/src/classes/aspect_ratio_container.cpp.o
[  2%] Building CXX object CMakeFiles/godot-cpp.template_release.dir/gen/src/classes/atlas_texture.cpp.o
[  2%] Building CXX object CMakeFiles/godot-cpp.template_release.dir/gen/src/classes/audio_bus_layout.cpp.o
[  2%] Building CXX object CMakeFiles/godot-cpp.template_release.dir/gen/src/classes/audio_effect.cpp.o
[  2%] Building CXX object CMakeFiles/godot-cpp.template_release.dir/gen/src/classes/audio_effect_amplify.cpp.o
[  2%] Building CXX object CMakeFiles/godot-cpp.template_release.dir/gen/src/classes/audio_effect_band_limit_filter.cpp.o
[  2%] Building CXX object CMakeFiles/godot-cpp.template_release.dir/gen/src/classes/audio_effect_band_pass_filter.cpp.o
[  2%] Building CXX object CMakeFiles/godot-cpp.template_release.dir/gen/src/classes/audio_effect_capture.cpp.o
[  2%] Building CXX object CMakeFiles/godot-cpp.template_release.dir/gen/src/classes/audio_effect_chorus.cpp.o
[  5%] Building CXX object CMakeFiles/godot-cpp.template_release.dir/gen/src/classes/audio_effect_compressor.cpp.o
[  5%] Building CXX object CMakeFiles/godot-cpp.template_release.dir/gen/src/classes/audio_effect_delay.cpp.o
[  5%] Building CXX object CMakeFiles/godot-cpp.template_release.dir/gen/src/classes/audio_effect_distortion.cpp.o
[  5%] Building CXX object CMakeFiles/godot-cpp.template_release.dir/gen/src/classes/audio_effect_eq.cpp.o
[  5%] Building CXX object CMakeFiles/godot-cpp.template_release.dir/gen/src/classes/audio_effect_eq10.cpp.o
[  5%] Building CXX object CMakeFiles/godot-cpp.template_release.dir/gen/src/classes/audio_effect_eq21.cpp.o
[  5%] Building CXX object CMakeFiles/godot-cpp.template_release.dir/gen/src/classes/audio_effect_eq6.cpp.o
[  5%] Building CXX object CMakeFiles/godot-cpp.template_release.dir/gen/src/classes/audio_effect_filter.cpp.o
[  5%] Building CXX object CMakeFiles/godot-cpp.template_release.dir/gen/src/classes/audio_effect_hard_limiter.cpp.o
[  5%] Building CXX object CMakeFiles/godot-cpp.template_release.dir/gen/src/classes/audio_effect_high_pass_filter.cpp.o
[  5%] Building CXX object CMakeFiles/godot-cpp.template_release.dir/gen/src/classes/audio_effect_high_shelf_filter.cpp.o
[  5%] Building CXX object CMakeFiles/godot-cpp.template_release.dir/gen/src/classes/audio_effect_instance.cpp.o
[  5%] Building CXX object CMakeFiles/godot-cpp.template_release.dir/gen/src/classes/audio_effect_limiter.cpp.o
[  5%] Building CXX object CMakeFiles/godot-cpp.template_release.dir/gen/src/classes/audio_effect_low_pass_filter.cpp.o
[  5%] Building CXX object CMakeFiles/godot-cpp.template_release.dir/gen/src/classes/audio_effect_low_shelf_filter.cpp.o
[  5%] Building CXX object CMakeFiles/godot-cpp.template_release.dir/gen/src/classes/audio_effect_notch_filter.cpp.o
[  5%] Building CXX object CMakeFiles/godot-cpp.template_release.dir/gen/src/classes/audio_effect_panner.cpp.o
[  5%] Building CXX object CMakeFiles/godot-cpp.template_release.dir/gen/src/classes/audio_effect_phaser.cpp.o
[  5%] Building CXX object CMakeFiles/godot-cpp.template_release.dir/gen/src/classes/audio_effect_pitch_shift.cpp.o
[  5%] Building CXX object CMakeFiles/godot-cpp.template_release.dir/gen/src/classes/audio_effect_record.cpp.o
[  5%] Building CXX object CMakeFiles/godot-cpp.template_release.dir/gen/src/classes/audio_effect_reverb.cpp.o
[  5%] Building CXX object CMakeFiles/godot-cpp.template_release.dir/gen/src/classes/audio_effect_spectrum_analyzer.cpp.o
[  5%] Building CXX object CMakeFiles/godot-cpp.template_release.dir/gen/src/classes/audio_effect_spectrum_analyzer_instance.cpp.o
[  5%] Building CXX object CMakeFiles/godot-cpp.template_release.dir/gen/src/classes/audio_effect_stereo_enhance.cpp.o
[  5%] Building CXX object CMakeFiles/godot-cpp.template_release.dir/gen/src/classes/audio_listener2d.cpp.o
[  5%] Building CXX object CMakeFiles/godot-cpp.template_release.dir/gen/src/classes/audio_listener3d.cpp.o
[  5%] Building CXX object CMakeFiles/godot-cpp.template_release.dir/gen/src/classes/audio_sample.cpp.o
[  5%] Building CXX object CMakeFiles/godot-cpp.template_release.dir/gen/src/classes/audio_sample_playback.cpp.o
[  5%] Building CXX object CMakeFiles/godot-cpp.template_release.dir/gen/src/classes/audio_server.cpp.o
[  5%] Building CXX object CMakeFiles/godot-cpp.template_release.dir/gen/src/classes/audio_stream.cpp.o
[  8%] Building CXX object CMakeFiles/godot-cpp.template_release.dir/gen/src/classes/audio_stream_generator.cpp.o
[  8%] Building CXX object CMakeFiles/godot-cpp.template_release.dir/gen/src/classes/audio_stream_generator_playback.cpp.o
[  8%] Building CXX object CMakeFiles/godot-cpp.template_release.dir/gen/src/classes/audio_stream_interactive.cpp.o
[  8%] Building CXX object CMakeFiles/godot-cpp.template_release.dir/gen/src/classes/audio_stream_mp3.cpp.o
[  8%] Building CXX object CMakeFiles/godot-cpp.template_release.dir/gen/src/classes/audio_stream_microphone.cpp.o
[  8%] Building CXX object CMakeFiles/godot-cpp.template_release.dir/gen/src/classes/audio_stream_ogg_vorbis.cpp.o
[  8%] Building CXX object CMakeFiles/godot-cpp.template_release.dir/gen/src/classes/audio_stream_playback.cpp.o
[  8%] Building CXX object CMakeFiles/godot-cpp.template_release.dir/gen/src/classes/audio_stream_playback_interactive.cpp.o
[  8%] Building CXX object CMakeFiles/godot-cpp.template_release.dir/gen/src/classes/audio_stream_playback_ogg_vorbis.cpp.o
[  8%] Building CXX object CMakeFiles/godot-cpp.template_release.dir/gen/src/classes/audio_stream_playback_playlist.cpp.o
[  8%] Building CXX object CMakeFiles/godot-cpp.template_release.dir/gen/src/classes/audio_stream_playback_polyphonic.cpp.o
[  8%] Building CXX object CMakeFiles/godot-cpp.template_release.dir/gen/src/classes/audio_stream_playback_resampled.cpp.o
[  8%] Building CXX object CMakeFiles/godot-cpp.template_release.dir/gen/src/classes/audio_stream_playback_synchronized.cpp.o
[  8%] Building CXX object CMakeFiles/godot-cpp.template_release.dir/gen/src/classes/audio_stream_player.cpp.o
[  8%] Building CXX object CMakeFiles/godot-cpp.template_release.dir/gen/src/classes/audio_stream_player2d.cpp.o
[  8%] Building CXX object CMakeFiles/godot-cpp.template_release.dir/gen/src/classes/audio_stream_player3d.cpp.o
[  8%] Building CXX object CMakeFiles/godot-cpp.template_release.dir/gen/src/classes/audio_stream_playlist.cpp.o
[  8%] Building CXX object CMakeFiles/godot-cpp.template_release.dir/gen/src/classes/audio_stream_polyphonic.cpp.o
[  8%] Building CXX object CMakeFiles/godot-cpp.template_release.dir/gen/src/classes/audio_stream_randomizer.cpp.o
[  8%] Building CXX object CMakeFiles/godot-cpp.template_release.dir/gen/src/classes/audio_stream_synchronized.cpp.o
[  8%] Building CXX object CMakeFiles/godot-cpp.template_release.dir/gen/src/classes/audio_stream_wav.cpp.o
[  8%] Building CXX object CMakeFiles/godot-cpp.template_release.dir/gen/src/classes/back_buffer_copy.cpp.o
[  8%] Building CXX object CMakeFiles/godot-cpp.template_release.dir/gen/src/classes/base_button.cpp.o
[  8%] Building CXX object CMakeFiles/godot-cpp.template_release.dir/gen/src/classes/base_material3d.cpp.o
[  8%] Building CXX object CMakeFiles/godot-cpp.template_release.dir/gen/src/classes/bit_map.cpp.o
[  8%] Building CXX object CMakeFiles/godot-cpp.template_release.dir/gen/src/classes/bone2d.cpp.o
[  8%] Building CXX object CMakeFiles/godot-cpp.template_release.dir/gen/src/classes/bone_attachment3d.cpp.o
[  8%] Building CXX object CMakeFiles/godot-cpp.template_release.dir/gen/src/classes/bone_map.cpp.o
[  8%] Building CXX object CMakeFiles/godot-cpp.template_release.dir/gen/src/classes/box_container.cpp.o
[  8%] Building CXX object CMakeFiles/godot-cpp.template_release.dir/gen/src/classes/box_mesh.cpp.o
[ 11%] Building CXX object CMakeFiles/godot-cpp.template_release.dir/gen/src/classes/box_occluder3d.cpp.o
[ 11%] Building CXX object CMakeFiles/godot-cpp.template_release.dir/gen/src/classes/box_shape3d.cpp.o
[ 11%] Building CXX object CMakeFiles/godot-cpp.template_release.dir/gen/src/classes/button.cpp.o
[ 11%] Building CXX object CMakeFiles/godot-cpp.template_release.dir/gen/src/classes/button_group.cpp.o
[ 11%] Building CXX object CMakeFiles/godot-cpp.template_release.dir/gen/src/classes/cpu_particles2d.cpp.o
[ 11%] Building CXX object CMakeFiles/godot-cpp.template_release.dir/gen/src/classes/cpu_particles3d.cpp.o
[ 11%] Building CXX object CMakeFiles/godot-cpp.template_release.dir/gen/src/classes/csg_box3d.cpp.o
[ 11%] Building CXX object CMakeFiles/godot-cpp.template_release.dir/gen/src/classes/csg_combiner3d.cpp.o
[ 11%] Building CXX object CMakeFiles/godot-cpp.template_release.dir/gen/src/classes/csg_cylinder3d.cpp.o
[ 11%] Building CXX object CMakeFiles/godot-cpp.template_release.dir/gen/src/classes/csg_mesh3d.cpp.o
[ 11%] Building CXX object CMakeFiles/godot-cpp.template_release.dir/gen/src/classes/csg_polygon3d.cpp.o
[ 11%] Building CXX object CMakeFiles/godot-cpp.template_release.dir/gen/src/classes/csg_primitive3d.cpp.o
[ 11%] Building CXX object CMakeFiles/godot-cpp.template_release.dir/gen/src/classes/csg_shape3d.cpp.o
[ 11%] Building CXX object CMakeFiles/godot-cpp.template_release.dir/gen/src/classes/csg_sphere3d.cpp.o
[ 11%] Building CXX object CMakeFiles/godot-cpp.template_release.dir/gen/src/classes/csg_torus3d.cpp.o
[ 11%] Building CXX object CMakeFiles/godot-cpp.template_release.dir/gen/src/classes/callback_tweener.cpp.o
[ 11%] Building CXX object CMakeFiles/godot-cpp.template_release.dir/gen/src/classes/camera2d.cpp.o
[ 11%] Building CXX object CMakeFiles/godot-cpp.template_release.dir/gen/src/classes/camera3d.cpp.o
[ 11%] Building CXX object CMakeFiles/godot-cpp.template_release.dir/gen/src/classes/camera_attributes.cpp.o
[ 11%] Building CXX object CMakeFiles/godot-cpp.template_release.dir/gen/src/classes/camera_attributes_physical.cpp.o
[ 11%] Building CXX object CMakeFiles/godot-cpp.template_release.dir/gen/src/classes/camera_attributes_practical.cpp.o
[ 11%] Building CXX object CMakeFiles/godot-cpp.template_release.dir/gen/src/classes/camera_feed.cpp.o
[ 11%] Building CXX object CMakeFiles/godot-cpp.template_release.dir/gen/src/classes/camera_server.cpp.o
[ 11%] Building CXX object CMakeFiles/godot-cpp.template_release.dir/gen/src/classes/camera_texture.cpp.o
[ 11%] Building CXX object CMakeFiles/godot-cpp.template_release.dir/gen/src/classes/canvas_group.cpp.o
[ 11%] Building CXX object CMakeFiles/godot-cpp.template_release.dir/gen/src/classes/canvas_item.cpp.o
[ 11%] Building CXX object CMakeFiles/godot-cpp.template_release.dir/gen/src/classes/canvas_item_material.cpp.o
[ 11%] Building CXX object CMakeFiles/godot-cpp.template_release.dir/gen/src/classes/canvas_layer.cpp.o
[ 11%] Building CXX object CMakeFiles/godot-cpp.template_release.dir/gen/src/classes/canvas_modulate.cpp.o
[ 11%] Building CXX object CMakeFiles/godot-cpp.template_release.dir/gen/src/classes/canvas_texture.cpp.o
[ 14%] Building CXX object CMakeFiles/godot-cpp.template_release.dir/gen/src/classes/capsule_mesh.cpp.o
[ 14%] Building CXX object CMakeFiles/godot-cpp.template_release.dir/gen/src/classes/capsule_shape2d.cpp.o
[ 14%] Building CXX object CMakeFiles/godot-cpp.template_release.dir/gen/src/classes/capsule_shape3d.cpp.o
[ 14%] Building CXX object CMakeFiles/godot-cpp.template_release.dir/gen/src/classes/center_container.cpp.o
[ 14%] Building CXX object CMakeFiles/godot-cpp.template_release.dir/gen/src/classes/char_fx_transform.cpp.o
[ 14%] Building CXX object CMakeFiles/godot-cpp.template_release.dir/gen/src/classes/character_body2d.cpp.o
[ 14%] Building CXX object CMakeFiles/godot-cpp.template_release.dir/gen/src/classes/character_body3d.cpp.o
[ 14%] Building CXX object CMakeFiles/godot-cpp.template_release.dir/gen/src/classes/check_box.cpp.o
[ 14%] Building CXX object CMakeFiles/godot-cpp.template_release.dir/gen/src/classes/check_button.cpp.o
[ 14%] Building CXX object CMakeFiles/godot-cpp.template_release.dir/gen/src/classes/circle_shape2d.cpp.o
[ 14%] Building CXX object CMakeFiles/godot-cpp.template_release.dir/gen/src/classes/class_db_singleton.cpp.o
[ 14%] Building CXX object CMakeFiles/godot-cpp.template_release.dir/gen/src/classes/code_edit.cpp.o
[ 14%] Building CXX object CMakeFiles/godot-cpp.template_release.dir/gen/src/classes/code_highlighter.cpp.o
[ 14%] Building CXX object CMakeFiles/godot-cpp.template_release.dir/gen/src/classes/collision_object2d.cpp.o
[ 14%] Building CXX object CMakeFiles/godot-cpp.template_release.dir/gen/src/classes/collision_object3d.cpp.o
[ 14%] Building CXX object CMakeFiles/godot-cpp.template_release.dir/gen/src/classes/collision_polygon2d.cpp.o
[ 14%] Building CXX object CMakeFiles/godot-cpp.template_release.dir/gen/src/classes/collision_polygon3d.cpp.o
[ 14%] Building CXX object CMakeFiles/godot-cpp.template_release.dir/gen/src/classes/collision_shape2d.cpp.o
[ 14%] Building CXX object CMakeFiles/godot-cpp.template_release.dir/gen/src/classes/collision_shape3d.cpp.o
[ 14%] Building CXX object CMakeFiles/godot-cpp.template_release.dir/gen/src/classes/color_palette.cpp.o
[ 14%] Building CXX object CMakeFiles/godot-cpp.template_release.dir/gen/src/classes/color_picker.cpp.o
[ 14%] Building CXX object CMakeFiles/godot-cpp.template_release.dir/gen/src/classes/color_picker_button.cpp.o
[ 14%] Building CXX object CMakeFiles/godot-cpp.template_release.dir/gen/src/classes/color_rect.cpp.o
[ 14%] Building CXX object CMakeFiles/godot-cpp.template_release.dir/gen/src/classes/compositor.cpp.o
[ 14%] Building CXX object CMakeFiles/godot-cpp.template_release.dir/gen/src/classes/compositor_effect.cpp.o
[ 14%] Building CXX object CMakeFiles/godot-cpp.template_release.dir/gen/src/classes/compressed_cubemap.cpp.o
[ 14%] Building CXX object CMakeFiles/godot-cpp.template_release.dir/gen/src/classes/compressed_cubemap_array.cpp.o
[ 14%] Building CXX object CMakeFiles/godot-cpp.template_release.dir/gen/src/classes/compressed_texture2d.cpp.o
[ 14%] Building CXX object CMakeFiles/godot-cpp.template_release.dir/gen/src/classes/compressed_texture2d_array.cpp.o
[ 14%] Building CXX object CMakeFiles/godot-cpp.template_release.dir/gen/src/classes/compressed_texture3d.cpp.o
[ 17%] Building CXX object CMakeFiles/godot-cpp.template_release.dir/gen/src/classes/compressed_texture_layered.cpp.o
[ 17%] Building CXX object CMakeFiles/godot-cpp.template_release.dir/gen/src/classes/concave_polygon_shape2d.cpp.o
[ 17%] Building CXX object CMakeFiles/godot-cpp.template_release.dir/gen/src/classes/concave_polygon_shape3d.cpp.o
[ 17%] Building CXX object CMakeFiles/godot-cpp.template_release.dir/gen/src/classes/cone_twist_joint3d.cpp.o
[ 17%] Building CXX object CMakeFiles/godot-cpp.template_release.dir/gen/src/classes/config_file.cpp.o
[ 17%] Building CXX object CMakeFiles/godot-cpp.template_release.dir/gen/src/classes/confirmation_dialog.cpp.o
[ 17%] Building CXX object CMakeFiles/godot-cpp.template_release.dir/gen/src/classes/container.cpp.o
[ 17%] Building CXX object CMakeFiles/godot-cpp.template_release.dir/gen/src/classes/control.cpp.o
[ 17%] Building CXX object CMakeFiles/godot-cpp.template_release.dir/gen/src/classes/convex_polygon_shape2d.cpp.o
[ 17%] Building CXX object CMakeFiles/godot-cpp.template_release.dir/gen/src/classes/convex_polygon_shape3d.cpp.o
[ 17%] Building CXX object CMakeFiles/godot-cpp.template_release.dir/gen/src/classes/crypto.cpp.o
[ 17%] Building CXX object CMakeFiles/godot-cpp.template_release.dir/gen/src/classes/crypto_key.cpp.o
[ 17%] Building CXX object CMakeFiles/godot-cpp.template_release.dir/gen/src/classes/cubemap.cpp.o
[ 17%] Building CXX object CMakeFiles/godot-cpp.template_release.dir/gen/src/classes/cubemap_array.cpp.o
[ 17%] Building CXX object CMakeFiles/godot-cpp.template_release.dir/gen/src/classes/curve.cpp.o
[ 17%] Building CXX object CMakeFiles/godot-cpp.template_release.dir/gen/src/classes/curve2d.cpp.o
[ 17%] Building CXX object CMakeFiles/godot-cpp.template_release.dir/gen/src/classes/curve3d.cpp.o
[ 17%] Building CXX object CMakeFiles/godot-cpp.template_release.dir/gen/src/classes/curve_texture.cpp.o
[ 17%] Building CXX object CMakeFiles/godot-cpp.template_release.dir/gen/src/classes/curve_xyz_texture.cpp.o
[ 17%] Building CXX object CMakeFiles/godot-cpp.template_release.dir/gen/src/classes/cylinder_mesh.cpp.o
[ 17%] Building CXX object CMakeFiles/godot-cpp.template_release.dir/gen/src/classes/cylinder_shape3d.cpp.o
[ 17%] Building CXX object CMakeFiles/godot-cpp.template_release.dir/gen/src/classes/dtls_server.cpp.o
[ 17%] Building CXX object CMakeFiles/godot-cpp.template_release.dir/gen/src/classes/damped_spring_joint2d.cpp.o
[ 17%] Building CXX object CMakeFiles/godot-cpp.template_release.dir/gen/src/classes/decal.cpp.o
[ 17%] Building CXX object CMakeFiles/godot-cpp.template_release.dir/gen/src/classes/dir_access.cpp.o
[ 17%] Building CXX object CMakeFiles/godot-cpp.template_release.dir/gen/src/classes/directional_light2d.cpp.o
[ 17%] Building CXX object CMakeFiles/godot-cpp.template_release.dir/gen/src/classes/directional_light3d.cpp.o
[ 17%] Building CXX object CMakeFiles/godot-cpp.template_release.dir/gen/src/classes/display_server.cpp.o
[ 17%] Building CXX object CMakeFiles/godot-cpp.template_release.dir/gen/src/classes/e_net_connection.cpp.o
[ 17%] Building CXX object CMakeFiles/godot-cpp.template_release.dir/gen/src/classes/e_net_multiplayer_peer.cpp.o
[ 20%] Building CXX object CMakeFiles/godot-cpp.template_release.dir/gen/src/classes/e_net_packet_peer.cpp.o
[ 20%] Building CXX object CMakeFiles/godot-cpp.template_release.dir/gen/src/classes/editor_command_palette.cpp.o
[ 20%] Building CXX object CMakeFiles/godot-cpp.template_release.dir/gen/src/classes/editor_context_menu_plugin.cpp.o
[ 20%] Building CXX object CMakeFiles/godot-cpp.template_release.dir/gen/src/classes/editor_debugger_plugin.cpp.o
[ 20%] Building CXX object CMakeFiles/godot-cpp.template_release.dir/gen/src/classes/editor_debugger_session.cpp.o
[ 20%] Building CXX object CMakeFiles/godot-cpp.template_release.dir/gen/src/classes/editor_export_platform.cpp.o
[ 20%] Building CXX object CMakeFiles/godot-cpp.template_release.dir/gen/src/classes/editor_export_platform_android.cpp.o
[ 20%] Building CXX object CMakeFiles/godot-cpp.template_release.dir/gen/src/classes/editor_export_platform_extension.cpp.o
[ 20%] Building CXX object CMakeFiles/godot-cpp.template_release.dir/gen/src/classes/editor_export_platform_ios.cpp.o
[ 20%] Building CXX object CMakeFiles/godot-cpp.template_release.dir/gen/src/classes/editor_export_platform_linux_bsd.cpp.o
[ 20%] Building CXX object CMakeFiles/godot-cpp.template_release.dir/gen/src/classes/editor_export_platform_mac_os.cpp.o
[ 20%] Building CXX object CMakeFiles/godot-cpp.template_release.dir/gen/src/classes/editor_export_platform_pc.cpp.o
[ 20%] Building CXX object CMakeFiles/godot-cpp.template_release.dir/gen/src/classes/editor_export_platform_web.cpp.o
[ 20%] Building CXX object CMakeFiles/godot-cpp.template_release.dir/gen/src/classes/editor_export_platform_windows.cpp.o
[ 20%] Building CXX object CMakeFiles/godot-cpp.template_release.dir/gen/src/classes/editor_export_plugin.cpp.o
[ 20%] Building CXX object CMakeFiles/godot-cpp.template_release.dir/gen/src/classes/editor_export_preset.cpp.o
[ 20%] Building CXX object CMakeFiles/godot-cpp.template_release.dir/gen/src/classes/editor_feature_profile.cpp.o
[ 20%] Building CXX object CMakeFiles/godot-cpp.template_release.dir/gen/src/classes/editor_file_dialog.cpp.o
[ 20%] Building CXX object CMakeFiles/godot-cpp.template_release.dir/gen/src/classes/editor_file_system.cpp.o
[ 20%] Building CXX object CMakeFiles/godot-cpp.template_release.dir/gen/src/classes/editor_file_system_directory.cpp.o
[ 20%] Building CXX object CMakeFiles/godot-cpp.template_release.dir/gen/src/classes/editor_file_system_import_format_support_query.cpp.o
[ 20%] Building CXX object CMakeFiles/godot-cpp.template_release.dir/gen/src/classes/editor_import_plugin.cpp.o
[ 20%] Building CXX object CMakeFiles/godot-cpp.template_release.dir/gen/src/classes/editor_inspector.cpp.o
[ 20%] Building CXX object CMakeFiles/godot-cpp.template_release.dir/gen/src/classes/editor_inspector_plugin.cpp.o
[ 20%] Building CXX object CMakeFiles/godot-cpp.template_release.dir/gen/src/classes/editor_interface.cpp.o
[ 20%] Building CXX object CMakeFiles/godot-cpp.template_release.dir/gen/src/classes/editor_node3d_gizmo.cpp.o
[ 20%] Building CXX object CMakeFiles/godot-cpp.template_release.dir/gen/src/classes/editor_node3d_gizmo_plugin.cpp.o
[ 20%] Building CXX object CMakeFiles/godot-cpp.template_release.dir/gen/src/classes/editor_paths.cpp.o
[ 20%] Building CXX object CMakeFiles/godot-cpp.template_release.dir/gen/src/classes/editor_plugin.cpp.o
[ 20%] Building CXX object CMakeFiles/godot-cpp.template_release.dir/gen/src/classes/editor_property.cpp.o
[ 20%] Building CXX object CMakeFiles/godot-cpp.template_release.dir/gen/src/classes/editor_resource_conversion_plugin.cpp.o
[ 23%] Building CXX object CMakeFiles/godot-cpp.template_release.dir/gen/src/classes/editor_resource_picker.cpp.o
[ 23%] Building CXX object CMakeFiles/godot-cpp.template_release.dir/gen/src/classes/editor_resource_preview.cpp.o
[ 23%] Building CXX object CMakeFiles/godot-cpp.template_release.dir/gen/src/classes/editor_resource_preview_generator.cpp.o
[ 23%] Building CXX object CMakeFiles/godot-cpp.template_release.dir/gen/src/classes/editor_resource_tooltip_plugin.cpp.o
[ 23%] Building CXX object CMakeFiles/godot-cpp.template_release.dir/gen/src/classes/editor_scene_format_importer.cpp.o
[ 23%] Building CXX object CMakeFiles/godot-cpp.template_release.dir/gen/src/classes/editor_scene_format_importer_blend.cpp.o
[ 23%] Building CXX object CMakeFiles/godot-cpp.template_release.dir/gen/src/classes/editor_scene_format_importer_fbx2_gltf.cpp.o
[ 23%] Building CXX object CMakeFiles/godot-cpp.template_release.dir/gen/src/classes/editor_scene_format_importer_gltf.cpp.o
[ 23%] Building CXX object CMakeFiles/godot-cpp.template_release.dir/gen/src/classes/editor_scene_format_importer_ufbx.cpp.o
[ 23%] Building CXX object CMakeFiles/godot-cpp.template_release.dir/gen/src/classes/editor_scene_post_import.cpp.o
[ 23%] Building CXX object CMakeFiles/godot-cpp.template_release.dir/gen/src/classes/editor_scene_post_import_plugin.cpp.o
[ 23%] Building CXX object CMakeFiles/godot-cpp.template_release.dir/gen/src/classes/editor_script.cpp.o
[ 23%] Building CXX object CMakeFiles/godot-cpp.template_release.dir/gen/src/classes/editor_script_picker.cpp.o
[ 23%] Building CXX object CMakeFiles/godot-cpp.template_release.dir/gen/src/classes/editor_selection.cpp.o
[ 23%] Building CXX object CMakeFiles/godot-cpp.template_release.dir/gen/src/classes/editor_settings.cpp.o
[ 23%] Building CXX object CMakeFiles/godot-cpp.template_release.dir/gen/src/classes/editor_spin_slider.cpp.o
[ 23%] Building CXX object CMakeFiles/godot-cpp.template_release.dir/gen/src/classes/editor_syntax_highlighter.cpp.o
[ 23%] Building CXX object CMakeFiles/godot-cpp.template_release.dir/gen/src/classes/editor_toaster.cpp.o
[ 23%] Building CXX object CMakeFiles/godot-cpp.template_release.dir/gen/src/classes/editor_translation_parser_plugin.cpp.o
[ 23%] Building CXX object CMakeFiles/godot-cpp.template_release.dir/gen/src/classes/editor_undo_redo_manager.cpp.o
[ 23%] Building CXX object CMakeFiles/godot-cpp.template_release.dir/gen/src/classes/editor_vcs_interface.cpp.o
[ 23%] Building CXX object CMakeFiles/godot-cpp.template_release.dir/gen/src/classes/encoded_object_as_id.cpp.o
[ 23%] Building CXX object CMakeFiles/godot-cpp.template_release.dir/gen/src/classes/engine.cpp.o
[ 23%] Building CXX object CMakeFiles/godot-cpp.template_release.dir/gen/src/classes/engine_debugger.cpp.o
[ 23%] Building CXX object CMakeFiles/godot-cpp.template_release.dir/gen/src/classes/engine_profiler.cpp.o
[ 23%] Building CXX object CMakeFiles/godot-cpp.template_release.dir/gen/src/classes/environment.cpp.o
[ 23%] Building CXX object CMakeFiles/godot-cpp.template_release.dir/gen/src/classes/expression.cpp.o
[ 23%] Building CXX object CMakeFiles/godot-cpp.template_release.dir/gen/src/classes/external_texture.cpp.o
[ 23%] Building CXX object CMakeFiles/godot-cpp.template_release.dir/gen/src/classes/fbx_document.cpp.o
[ 23%] Building CXX object CMakeFiles/godot-cpp.template_release.dir/gen/src/classes/fbx_state.cpp.o
[ 26%] Building CXX object CMakeFiles/godot-cpp.template_release.dir/gen/src/classes/fast_noise_lite.cpp.o
[ 26%] Building CXX object CMakeFiles/godot-cpp.template_release.dir/gen/src/classes/file_access.cpp.o
[ 26%] Building CXX object CMakeFiles/godot-cpp.template_release.dir/gen/src/classes/file_dialog.cpp.o
[ 26%] Building CXX object CMakeFiles/godot-cpp.template_release.dir/gen/src/classes/file_system_dock.cpp.o
[ 26%] Building CXX object CMakeFiles/godot-cpp.template_release.dir/gen/src/classes/flow_container.cpp.o
[ 26%] Building CXX object CMakeFiles/godot-cpp.template_release.dir/gen/src/classes/fog_material.cpp.o
[ 26%] Building CXX object CMakeFiles/godot-cpp.template_release.dir/gen/src/classes/fog_volume.cpp.o
[ 26%] Building CXX object CMakeFiles/godot-cpp.template_release.dir/gen/src/classes/font.cpp.o
[ 26%] Building CXX object CMakeFiles/godot-cpp.template_release.dir/gen/src/classes/font_file.cpp.o
[ 26%] Building CXX object CMakeFiles/godot-cpp.template_release.dir/gen/src/classes/font_variation.cpp.o
[ 26%] Building CXX object CMakeFiles/godot-cpp.template_release.dir/gen/src/classes/framebuffer_cache_rd.cpp.o
[ 26%] Building CXX object CMakeFiles/godot-cpp.template_release.dir/gen/src/classes/gd_extension.cpp.o
[ 26%] Building CXX object CMakeFiles/godot-cpp.template_release.dir/gen/src/classes/gd_extension_manager.cpp.o
[ 26%] Building CXX object CMakeFiles/godot-cpp.template_release.dir/gen/src/classes/gd_script.cpp.o
[ 26%] Building CXX object CMakeFiles/godot-cpp.template_release.dir/gen/src/classes/gd_script_syntax_highlighter.cpp.o
[ 26%] Building CXX object CMakeFiles/godot-cpp.template_release.dir/gen/src/classes/gltf_accessor.cpp.o
[ 26%] Building CXX object CMakeFiles/godot-cpp.template_release.dir/gen/src/classes/gltf_animation.cpp.o
[ 26%] Building CXX object CMakeFiles/godot-cpp.template_release.dir/gen/src/classes/gltf_buffer_view.cpp.o
[ 26%] Building CXX object CMakeFiles/godot-cpp.template_release.dir/gen/src/classes/gltf_camera.cpp.o
[ 26%] Building CXX object CMakeFiles/godot-cpp.template_release.dir/gen/src/classes/gltf_document.cpp.o
[ 26%] Building CXX object CMakeFiles/godot-cpp.template_release.dir/gen/src/classes/gltf_document_extension.cpp.o
[ 26%] Building CXX object CMakeFiles/godot-cpp.template_release.dir/gen/src/classes/gltf_document_extension_convert_importer_mesh.cpp.o
[ 26%] Building CXX object CMakeFiles/godot-cpp.template_release.dir/gen/src/classes/gltf_light.cpp.o
[ 26%] Building CXX object CMakeFiles/godot-cpp.template_release.dir/gen/src/classes/gltf_mesh.cpp.o
[ 26%] Building CXX object CMakeFiles/godot-cpp.template_release.dir/gen/src/classes/gltf_node.cpp.o
[ 26%] Building CXX object CMakeFiles/godot-cpp.template_release.dir/gen/src/classes/gltf_object_model_property.cpp.o
[ 26%] Building CXX object CMakeFiles/godot-cpp.template_release.dir/gen/src/classes/gltf_physics_body.cpp.o
[ 26%] Building CXX object CMakeFiles/godot-cpp.template_release.dir/gen/src/classes/gltf_physics_shape.cpp.o
[ 26%] Building CXX object CMakeFiles/godot-cpp.template_release.dir/gen/src/classes/gltf_skeleton.cpp.o
[ 26%] Building CXX object CMakeFiles/godot-cpp.template_release.dir/gen/src/classes/gltf_skin.cpp.o
[ 29%] Building CXX object CMakeFiles/godot-cpp.template_release.dir/gen/src/classes/gltf_spec_gloss.cpp.o
[ 29%] Building CXX object CMakeFiles/godot-cpp.template_release.dir/gen/src/classes/gltf_state.cpp.o
[ 29%] Building CXX object CMakeFiles/godot-cpp.template_release.dir/gen/src/classes/gltf_texture.cpp.o
[ 29%] Building CXX object CMakeFiles/godot-cpp.template_release.dir/gen/src/classes/gltf_texture_sampler.cpp.o
[ 29%] Building CXX object CMakeFiles/godot-cpp.template_release.dir/gen/src/classes/gpu_particles2d.cpp.o
[ 29%] Building CXX object CMakeFiles/godot-cpp.template_release.dir/gen/src/classes/gpu_particles3d.cpp.o
[ 29%] Building CXX object CMakeFiles/godot-cpp.template_release.dir/gen/src/classes/gpu_particles_attractor3d.cpp.o
[ 29%] Building CXX object CMakeFiles/godot-cpp.template_release.dir/gen/src/classes/gpu_particles_attractor_box3d.cpp.o
[ 29%] Building CXX object CMakeFiles/godot-cpp.template_release.dir/gen/src/classes/gpu_particles_attractor_sphere3d.cpp.o
[ 29%] Building CXX object CMakeFiles/godot-cpp.template_release.dir/gen/src/classes/gpu_particles_attractor_vector_field3d.cpp.o
[ 29%] Building CXX object CMakeFiles/godot-cpp.template_release.dir/gen/src/classes/gpu_particles_collision3d.cpp.o
[ 29%] Building CXX object CMakeFiles/godot-cpp.template_release.dir/gen/src/classes/gpu_particles_collision_box3d.cpp.o
[ 29%] Building CXX object CMakeFiles/godot-cpp.template_release.dir/gen/src/classes/gpu_particles_collision_height_field3d.cpp.o
[ 29%] Building CXX object CMakeFiles/godot-cpp.template_release.dir/gen/src/classes/gpu_particles_collision_sdf3d.cpp.o
[ 29%] Building CXX object CMakeFiles/godot-cpp.template_release.dir/gen/src/classes/gpu_particles_collision_sphere3d.cpp.o
[ 29%] Building CXX object CMakeFiles/godot-cpp.template_release.dir/gen/src/classes/generic6_dof_joint3d.cpp.o
[ 29%] Building CXX object CMakeFiles/godot-cpp.template_release.dir/gen/src/classes/geometry2d.cpp.o
[ 29%] Building CXX object CMakeFiles/godot-cpp.template_release.dir/gen/src/classes/geometry3d.cpp.o
[ 29%] Building CXX object CMakeFiles/godot-cpp.template_release.dir/gen/src/classes/geometry_instance3d.cpp.o
[ 29%] Building CXX object CMakeFiles/godot-cpp.template_release.dir/gen/src/classes/gradient.cpp.o
[ 29%] Building CXX object CMakeFiles/godot-cpp.template_release.dir/gen/src/classes/gradient_texture1_d.cpp.o
[ 29%] Building CXX object CMakeFiles/godot-cpp.template_release.dir/gen/src/classes/gradient_texture2d.cpp.o
[ 29%] Building CXX object CMakeFiles/godot-cpp.template_release.dir/gen/src/classes/graph_edit.cpp.o
[ 29%] Building CXX object CMakeFiles/godot-cpp.template_release.dir/gen/src/classes/graph_element.cpp.o
[ 29%] Building CXX object CMakeFiles/godot-cpp.template_release.dir/gen/src/classes/graph_frame.cpp.o
[ 29%] Building CXX object CMakeFiles/godot-cpp.template_release.dir/gen/src/classes/graph_node.cpp.o
[ 29%] Building CXX object CMakeFiles/godot-cpp.template_release.dir/gen/src/classes/grid_container.cpp.o
[ 29%] Building CXX object CMakeFiles/godot-cpp.template_release.dir/gen/src/classes/grid_map.cpp.o
[ 29%] Building CXX object CMakeFiles/godot-cpp.template_release.dir/gen/src/classes/grid_map_editor_plugin.cpp.o
[ 29%] Building CXX object CMakeFiles/godot-cpp.template_release.dir/gen/src/classes/groove_joint2d.cpp.o
[ 32%] Building CXX object CMakeFiles/godot-cpp.template_release.dir/gen/src/classes/h_box_container.cpp.o
[ 32%] Building CXX object CMakeFiles/godot-cpp.template_release.dir/gen/src/classes/h_flow_container.cpp.o
[ 32%] Building CXX object CMakeFiles/godot-cpp.template_release.dir/gen/src/classes/hmac_context.cpp.o
[ 32%] Building CXX object CMakeFiles/godot-cpp.template_release.dir/gen/src/classes/h_scroll_bar.cpp.o
[ 32%] Building CXX object CMakeFiles/godot-cpp.template_release.dir/gen/src/classes/h_separator.cpp.o
[ 32%] Building CXX object CMakeFiles/godot-cpp.template_release.dir/gen/src/classes/h_slider.cpp.o
[ 32%] Building CXX object CMakeFiles/godot-cpp.template_release.dir/gen/src/classes/h_split_container.cpp.o
[ 32%] Building CXX object CMakeFiles/godot-cpp.template_release.dir/gen/src/classes/http_client.cpp.o
[ 32%] Building CXX object CMakeFiles/godot-cpp.template_release.dir/gen/src/classes/http_request.cpp.o
[ 32%] Building CXX object CMakeFiles/godot-cpp.template_release.dir/gen/src/classes/hashing_context.cpp.o
[ 32%] Building CXX object CMakeFiles/godot-cpp.template_release.dir/gen/src/classes/height_map_shape3d.cpp.o
[ 32%] Building CXX object CMakeFiles/godot-cpp.template_release.dir/gen/src/classes/hinge_joint3d.cpp.o
[ 32%] Building CXX object CMakeFiles/godot-cpp.template_release.dir/gen/src/classes/ip.cpp.o
[ 32%] Building CXX object CMakeFiles/godot-cpp.template_release.dir/gen/src/classes/image.cpp.o
[ 32%] Building CXX object CMakeFiles/godot-cpp.template_release.dir/gen/src/classes/image_format_loader.cpp.o
[ 32%] Building CXX object CMakeFiles/godot-cpp.template_release.dir/gen/src/classes/image_format_loader_extension.cpp.o
[ 32%] Building CXX object CMakeFiles/godot-cpp.template_release.dir/gen/src/classes/image_texture.cpp.o
[ 32%] Building CXX object CMakeFiles/godot-cpp.template_release.dir/gen/src/classes/image_texture3d.cpp.o
[ 32%] Building CXX object CMakeFiles/godot-cpp.template_release.dir/gen/src/classes/image_texture_layered.cpp.o
[ 32%] Building CXX object CMakeFiles/godot-cpp.template_release.dir/gen/src/classes/immediate_mesh.cpp.o
[ 32%] Building CXX object CMakeFiles/godot-cpp.template_release.dir/gen/src/classes/importer_mesh.cpp.o
[ 32%] Building CXX object CMakeFiles/godot-cpp.template_release.dir/gen/src/classes/importer_mesh_instance3d.cpp.o
[ 32%] Building CXX object CMakeFiles/godot-cpp.template_release.dir/gen/src/classes/input.cpp.o
[ 32%] Building CXX object CMakeFiles/godot-cpp.template_release.dir/gen/src/classes/input_event.cpp.o
[ 32%] Building CXX object CMakeFiles/godot-cpp.template_release.dir/gen/src/classes/input_event_action.cpp.o
[ 32%] Building CXX object CMakeFiles/godot-cpp.template_release.dir/gen/src/classes/input_event_from_window.cpp.o
[ 32%] Building CXX object CMakeFiles/godot-cpp.template_release.dir/gen/src/classes/input_event_gesture.cpp.o
[ 32%] Building CXX object CMakeFiles/godot-cpp.template_release.dir/gen/src/classes/input_event_joypad_button.cpp.o
[ 32%] Building CXX object CMakeFiles/godot-cpp.template_release.dir/gen/src/classes/input_event_joypad_motion.cpp.o
[ 32%] Building CXX object CMakeFiles/godot-cpp.template_release.dir/gen/src/classes/input_event_key.cpp.o
[ 35%] Building CXX object CMakeFiles/godot-cpp.template_release.dir/gen/src/classes/input_event_midi.cpp.o
[ 35%] Building CXX object CMakeFiles/godot-cpp.template_release.dir/gen/src/classes/input_event_magnify_gesture.cpp.o
[ 35%] Building CXX object CMakeFiles/godot-cpp.template_release.dir/gen/src/classes/input_event_mouse.cpp.o
[ 35%] Building CXX object CMakeFiles/godot-cpp.template_release.dir/gen/src/classes/input_event_mouse_button.cpp.o
[ 35%] Building CXX object CMakeFiles/godot-cpp.template_release.dir/gen/src/classes/input_event_mouse_motion.cpp.o
[ 35%] Building CXX object CMakeFiles/godot-cpp.template_release.dir/gen/src/classes/input_event_pan_gesture.cpp.o
[ 35%] Building CXX object CMakeFiles/godot-cpp.template_release.dir/gen/src/classes/input_event_screen_drag.cpp.o
[ 35%] Building CXX object CMakeFiles/godot-cpp.template_release.dir/gen/src/classes/input_event_screen_touch.cpp.o
[ 35%] Building CXX object CMakeFiles/godot-cpp.template_release.dir/gen/src/classes/input_event_shortcut.cpp.o
[ 35%] Building CXX object CMakeFiles/godot-cpp.template_release.dir/gen/src/classes/input_event_with_modifiers.cpp.o
[ 35%] Building CXX object CMakeFiles/godot-cpp.template_release.dir/gen/src/classes/input_map.cpp.o
[ 35%] Building CXX object CMakeFiles/godot-cpp.template_release.dir/gen/src/classes/instance_placeholder.cpp.o
[ 35%] Building CXX object CMakeFiles/godot-cpp.template_release.dir/gen/src/classes/interval_tweener.cpp.o
[ 35%] Building CXX object CMakeFiles/godot-cpp.template_release.dir/gen/src/classes/item_list.cpp.o
[ 35%] Building CXX object CMakeFiles/godot-cpp.template_release.dir/gen/src/classes/jni_singleton.cpp.o
[ 35%] Building CXX object CMakeFiles/godot-cpp.template_release.dir/gen/src/classes/json.cpp.o
[ 35%] Building CXX object CMakeFiles/godot-cpp.template_release.dir/gen/src/classes/jsonrpc.cpp.o
[ 35%] Building CXX object CMakeFiles/godot-cpp.template_release.dir/gen/src/classes/java_class.cpp.o
[ 35%] Building CXX object CMakeFiles/godot-cpp.template_release.dir/gen/src/classes/java_class_wrapper.cpp.o
[ 35%] Building CXX object CMakeFiles/godot-cpp.template_release.dir/gen/src/classes/java_object.cpp.o
[ 35%] Building CXX object CMakeFiles/godot-cpp.template_release.dir/gen/src/classes/java_script_bridge.cpp.o
[ 35%] Building CXX object CMakeFiles/godot-cpp.template_release.dir/gen/src/classes/java_script_object.cpp.o
[ 35%] Building CXX object CMakeFiles/godot-cpp.template_release.dir/gen/src/classes/joint2d.cpp.o
[ 35%] Building CXX object CMakeFiles/godot-cpp.template_release.dir/gen/src/classes/joint3d.cpp.o
[ 35%] Building CXX object CMakeFiles/godot-cpp.template_release.dir/gen/src/classes/kinematic_collision2d.cpp.o
[ 35%] Building CXX object CMakeFiles/godot-cpp.template_release.dir/gen/src/classes/kinematic_collision3d.cpp.o
[ 35%] Building CXX object CMakeFiles/godot-cpp.template_release.dir/gen/src/classes/label.cpp.o
[ 35%] Building CXX object CMakeFiles/godot-cpp.template_release.dir/gen/src/classes/label3d.cpp.o
[ 35%] Building CXX object CMakeFiles/godot-cpp.template_release.dir/gen/src/classes/label_settings.cpp.o
[ 35%] Building CXX object CMakeFiles/godot-cpp.template_release.dir/gen/src/classes/light2d.cpp.o
[ 38%] Building CXX object CMakeFiles/godot-cpp.template_release.dir/gen/src/classes/light3d.cpp.o
[ 38%] Building CXX object CMakeFiles/godot-cpp.template_release.dir/gen/src/classes/light_occluder2d.cpp.o
[ 38%] Building CXX object CMakeFiles/godot-cpp.template_release.dir/gen/src/classes/lightmap_gi.cpp.o
[ 38%] Building CXX object CMakeFiles/godot-cpp.template_release.dir/gen/src/classes/lightmap_gi_data.cpp.o
[ 38%] Building CXX object CMakeFiles/godot-cpp.template_release.dir/gen/src/classes/lightmap_probe.cpp.o
[ 38%] Building CXX object CMakeFiles/godot-cpp.template_release.dir/gen/src/classes/lightmapper.cpp.o
[ 38%] Building CXX object CMakeFiles/godot-cpp.template_release.dir/gen/src/classes/lightmapper_rd.cpp.o
[ 38%] Building CXX object CMakeFiles/godot-cpp.template_release.dir/gen/src/classes/line2d.cpp.o
[ 38%] Building CXX object CMakeFiles/godot-cpp.template_release.dir/gen/src/classes/line_edit.cpp.o
[ 38%] Building CXX object CMakeFiles/godot-cpp.template_release.dir/gen/src/classes/link_button.cpp.o
[ 38%] Building CXX object CMakeFiles/godot-cpp.template_release.dir/gen/src/classes/look_at_modifier3d.cpp.o
[ 38%] Building CXX object CMakeFiles/godot-cpp.template_release.dir/gen/src/classes/main_loop.cpp.o
[ 38%] Building CXX object CMakeFiles/godot-cpp.template_release.dir/gen/src/classes/margin_container.cpp.o
[ 38%] Building CXX object CMakeFiles/godot-cpp.template_release.dir/gen/src/classes/marker2d.cpp.o
[ 38%] Building CXX object CMakeFiles/godot-cpp.template_release.dir/gen/src/classes/marker3d.cpp.o
[ 38%] Building CXX object CMakeFiles/godot-cpp.template_release.dir/gen/src/classes/marshalls.cpp.o
[ 38%] Building CXX object CMakeFiles/godot-cpp.template_release.dir/gen/src/classes/material.cpp.o
[ 38%] Building CXX object CMakeFiles/godot-cpp.template_release.dir/gen/src/classes/menu_bar.cpp.o
[ 38%] Building CXX object CMakeFiles/godot-cpp.template_release.dir/gen/src/classes/menu_button.cpp.o
[ 38%] Building CXX object CMakeFiles/godot-cpp.template_release.dir/gen/src/classes/mesh.cpp.o
[ 38%] Building CXX object CMakeFiles/godot-cpp.template_release.dir/gen/src/classes/mesh_convex_decomposition_settings.cpp.o
[ 38%] Building CXX object CMakeFiles/godot-cpp.template_release.dir/gen/src/classes/mesh_data_tool.cpp.o
[ 38%] Building CXX object CMakeFiles/godot-cpp.template_release.dir/gen/src/classes/mesh_instance2d.cpp.o
[ 38%] Building CXX object CMakeFiles/godot-cpp.template_release.dir/gen/src/classes/mesh_instance3d.cpp.o
[ 38%] Building CXX object CMakeFiles/godot-cpp.template_release.dir/gen/src/classes/mesh_library.cpp.o
[ 38%] Building CXX object CMakeFiles/godot-cpp.template_release.dir/gen/src/classes/mesh_texture.cpp.o
[ 38%] Building CXX object CMakeFiles/godot-cpp.template_release.dir/gen/src/classes/method_tweener.cpp.o
[ 38%] Building CXX object CMakeFiles/godot-cpp.template_release.dir/gen/src/classes/missing_node.cpp.o
[ 38%] Building CXX object CMakeFiles/godot-cpp.template_release.dir/gen/src/classes/missing_resource.cpp.o
[ 38%] Building CXX object CMakeFiles/godot-cpp.template_release.dir/gen/src/classes/mobile_vr_interface.cpp.o
[ 38%] Building CXX object CMakeFiles/godot-cpp.template_release.dir/gen/src/classes/movie_writer.cpp.o
[ 41%] Building CXX object CMakeFiles/godot-cpp.template_release.dir/gen/src/classes/multi_mesh.cpp.o
[ 41%] Building CXX object CMakeFiles/godot-cpp.template_release.dir/gen/src/classes/multi_mesh_instance2d.cpp.o
[ 41%] Building CXX object CMakeFiles/godot-cpp.template_release.dir/gen/src/classes/multi_mesh_instance3d.cpp.o
[ 41%] Building CXX object CMakeFiles/godot-cpp.template_release.dir/gen/src/classes/multiplayer_api.cpp.o
[ 41%] Building CXX object CMakeFiles/godot-cpp.template_release.dir/gen/src/classes/multiplayer_api_extension.cpp.o
[ 41%] Building CXX object CMakeFiles/godot-cpp.template_release.dir/gen/src/classes/multiplayer_peer.cpp.o
[ 41%] Building CXX object CMakeFiles/godot-cpp.template_release.dir/gen/src/classes/multiplayer_peer_extension.cpp.o
[ 41%] Building CXX object CMakeFiles/godot-cpp.template_release.dir/gen/src/classes/multiplayer_spawner.cpp.o
[ 41%] Building CXX object CMakeFiles/godot-cpp.template_release.dir/gen/src/classes/multiplayer_synchronizer.cpp.o
[ 41%] Building CXX object CMakeFiles/godot-cpp.template_release.dir/gen/src/classes/mutex.cpp.o
[ 41%] Building CXX object CMakeFiles/godot-cpp.template_release.dir/gen/src/classes/native_menu.cpp.o
[ 41%] Building CXX object CMakeFiles/godot-cpp.template_release.dir/gen/src/classes/navigation_agent2d.cpp.o
[ 41%] Building CXX object CMakeFiles/godot-cpp.template_release.dir/gen/src/classes/navigation_agent3d.cpp.o
[ 41%] Building CXX object CMakeFiles/godot-cpp.template_release.dir/gen/src/classes/navigation_link2d.cpp.o
[ 41%] Building CXX object CMakeFiles/godot-cpp.template_release.dir/gen/src/classes/navigation_link3d.cpp.o
[ 41%] Building CXX object CMakeFiles/godot-cpp.template_release.dir/gen/src/classes/navigation_mesh.cpp.o
[ 41%] Building CXX object CMakeFiles/godot-cpp.template_release.dir/gen/src/classes/navigation_mesh_generator.cpp.o
[ 41%] Building CXX object CMakeFiles/godot-cpp.template_release.dir/gen/src/classes/navigation_mesh_source_geometry_data2d.cpp.o
[ 41%] Building CXX object CMakeFiles/godot-cpp.template_release.dir/gen/src/classes/navigation_mesh_source_geometry_data3d.cpp.o
[ 41%] Building CXX object CMakeFiles/godot-cpp.template_release.dir/gen/src/classes/navigation_obstacle2d.cpp.o
[ 41%] Building CXX object CMakeFiles/godot-cpp.template_release.dir/gen/src/classes/navigation_obstacle3d.cpp.o
[ 41%] Building CXX object CMakeFiles/godot-cpp.template_release.dir/gen/src/classes/navigation_path_query_parameters2d.cpp.o
[ 41%] Building CXX object CMakeFiles/godot-cpp.template_release.dir/gen/src/classes/navigation_path_query_parameters3d.cpp.o
[ 41%] Building CXX object CMakeFiles/godot-cpp.template_release.dir/gen/src/classes/navigation_path_query_result2d.cpp.o
[ 41%] Building CXX object CMakeFiles/godot-cpp.template_release.dir/gen/src/classes/navigation_path_query_result3d.cpp.o
[ 41%] Building CXX object CMakeFiles/godot-cpp.template_release.dir/gen/src/classes/navigation_polygon.cpp.o
[ 41%] Building CXX object CMakeFiles/godot-cpp.template_release.dir/gen/src/classes/navigation_region2d.cpp.o
[ 41%] Building CXX object CMakeFiles/godot-cpp.template_release.dir/gen/src/classes/navigation_region3d.cpp.o
[ 41%] Building CXX object CMakeFiles/godot-cpp.template_release.dir/gen/src/classes/navigation_server2d.cpp.o
[ 41%] Building CXX object CMakeFiles/godot-cpp.template_release.dir/gen/src/classes/navigation_server3d.cpp.o
[ 44%] Building CXX object CMakeFiles/godot-cpp.template_release.dir/gen/src/classes/nine_patch_rect.cpp.o
[ 44%] Building CXX object CMakeFiles/godot-cpp.template_release.dir/gen/src/classes/node.cpp.o
[ 44%] Building CXX object CMakeFiles/godot-cpp.template_release.dir/gen/src/classes/node2d.cpp.o
[ 44%] Building CXX object CMakeFiles/godot-cpp.template_release.dir/gen/src/classes/node3d.cpp.o
[ 44%] Building CXX object CMakeFiles/godot-cpp.template_release.dir/gen/src/classes/node3d_gizmo.cpp.o
[ 44%] Building CXX object CMakeFiles/godot-cpp.template_release.dir/gen/src/classes/noise.cpp.o
[ 44%] Building CXX object CMakeFiles/godot-cpp.template_release.dir/gen/src/classes/noise_texture2d.cpp.o
[ 44%] Building CXX object CMakeFiles/godot-cpp.template_release.dir/gen/src/classes/noise_texture3d.cpp.o
[ 44%] Building CXX object CMakeFiles/godot-cpp.template_release.dir/gen/src/classes/orm_material3d.cpp.o
[ 44%] Building CXX object CMakeFiles/godot-cpp.template_release.dir/gen/src/classes/os.cpp.o
[ 44%] Building CXX object CMakeFiles/godot-cpp.template_release.dir/gen/src/classes/object.cpp.o
[ 44%] Building CXX object CMakeFiles/godot-cpp.template_release.dir/gen/src/classes/occluder3d.cpp.o
[ 44%] Building CXX object CMakeFiles/godot-cpp.template_release.dir/gen/src/classes/occluder_instance3d.cpp.o
[ 44%] Building CXX object CMakeFiles/godot-cpp.template_release.dir/gen/src/classes/occluder_polygon2d.cpp.o
[ 44%] Building CXX object CMakeFiles/godot-cpp.template_release.dir/gen/src/classes/offline_multiplayer_peer.cpp.o
[ 44%] Building CXX object CMakeFiles/godot-cpp.template_release.dir/gen/src/classes/ogg_packet_sequence.cpp.o
[ 44%] Building CXX object CMakeFiles/godot-cpp.template_release.dir/gen/src/classes/ogg_packet_sequence_playback.cpp.o
[ 44%] Building CXX object CMakeFiles/godot-cpp.template_release.dir/gen/src/classes/omni_light3d.cpp.o
[ 44%] Building CXX object CMakeFiles/godot-cpp.template_release.dir/gen/src/classes/open_xrapi_extension.cpp.o
[ 44%] Building CXX object CMakeFiles/godot-cpp.template_release.dir/gen/src/classes/open_xr_action.cpp.o
[ 44%] Building CXX object CMakeFiles/godot-cpp.template_release.dir/gen/src/classes/open_xr_action_binding_modifier.cpp.o
[ 44%] Building CXX object CMakeFiles/godot-cpp.template_release.dir/gen/src/classes/open_xr_action_map.cpp.o
[ 44%] Building CXX object CMakeFiles/godot-cpp.template_release.dir/gen/src/classes/open_xr_action_set.cpp.o
[ 44%] Building CXX object CMakeFiles/godot-cpp.template_release.dir/gen/src/classes/open_xr_analog_threshold_modifier.cpp.o
[ 44%] Building CXX object CMakeFiles/godot-cpp.template_release.dir/gen/src/classes/open_xr_binding_modifier.cpp.o
[ 44%] Building CXX object CMakeFiles/godot-cpp.template_release.dir/gen/src/classes/open_xr_binding_modifier_editor.cpp.o
[ 44%] Building CXX object CMakeFiles/godot-cpp.template_release.dir/gen/src/classes/open_xr_composition_layer.cpp.o
[ 44%] Building CXX object CMakeFiles/godot-cpp.template_release.dir/gen/src/classes/open_xr_composition_layer_cylinder.cpp.o
[ 44%] Building CXX object CMakeFiles/godot-cpp.template_release.dir/gen/src/classes/open_xr_composition_layer_equirect.cpp.o
[ 44%] Building CXX object CMakeFiles/godot-cpp.template_release.dir/gen/src/classes/open_xr_composition_layer_quad.cpp.o
[ 47%] Building CXX object CMakeFiles/godot-cpp.template_release.dir/gen/src/classes/open_xr_dpad_binding_modifier.cpp.o
[ 47%] Building CXX object CMakeFiles/godot-cpp.template_release.dir/gen/src/classes/open_xr_extension_wrapper_extension.cpp.o
[ 47%] Building CXX object CMakeFiles/godot-cpp.template_release.dir/gen/src/classes/open_xr_hand.cpp.o
[ 47%] Building CXX object CMakeFiles/godot-cpp.template_release.dir/gen/src/classes/open_xr_haptic_base.cpp.o
[ 47%] Building CXX object CMakeFiles/godot-cpp.template_release.dir/gen/src/classes/open_xr_haptic_vibration.cpp.o
[ 47%] Building CXX object CMakeFiles/godot-cpp.template_release.dir/gen/src/classes/open_xrip_binding.cpp.o
[ 47%] Building CXX object CMakeFiles/godot-cpp.template_release.dir/gen/src/classes/open_xrip_binding_modifier.cpp.o
[ 47%] Building CXX object CMakeFiles/godot-cpp.template_release.dir/gen/src/classes/open_xr_interaction_profile.cpp.o
[ 47%] Building CXX object CMakeFiles/godot-cpp.template_release.dir/gen/src/classes/open_xr_interaction_profile_editor.cpp.o
[ 47%] Building CXX object CMakeFiles/godot-cpp.template_release.dir/gen/src/classes/open_xr_interaction_profile_editor_base.cpp.o
[ 47%] Building CXX object CMakeFiles/godot-cpp.template_release.dir/gen/src/classes/open_xr_interaction_profile_metadata.cpp.o
[ 47%] Building CXX object CMakeFiles/godot-cpp.template_release.dir/gen/src/classes/open_xr_interface.cpp.o
[ 47%] Building CXX object CMakeFiles/godot-cpp.template_release.dir/gen/src/classes/open_xr_visibility_mask.cpp.o
[ 47%] Building CXX object CMakeFiles/godot-cpp.template_release.dir/gen/src/classes/optimized_translation.cpp.o
[ 47%] Building CXX object CMakeFiles/godot-cpp.template_release.dir/gen/src/classes/option_button.cpp.o
[ 47%] Building CXX object CMakeFiles/godot-cpp.template_release.dir/gen/src/classes/pck_packer.cpp.o
[ 47%] Building CXX object CMakeFiles/godot-cpp.template_release.dir/gen/src/classes/packed_data_container.cpp.o
[ 47%] Building CXX object CMakeFiles/godot-cpp.template_release.dir/gen/src/classes/packed_data_container_ref.cpp.o
[ 47%] Building CXX object CMakeFiles/godot-cpp.template_release.dir/gen/src/classes/packed_scene.cpp.o
[ 47%] Building CXX object CMakeFiles/godot-cpp.template_release.dir/gen/src/classes/packet_peer.cpp.o
[ 47%] Building CXX object CMakeFiles/godot-cpp.template_release.dir/gen/src/classes/packet_peer_dtls.cpp.o
[ 47%] Building CXX object CMakeFiles/godot-cpp.template_release.dir/gen/src/classes/packet_peer_extension.cpp.o
[ 47%] Building CXX object CMakeFiles/godot-cpp.template_release.dir/gen/src/classes/packet_peer_stream.cpp.o
[ 47%] Building CXX object CMakeFiles/godot-cpp.template_release.dir/gen/src/classes/packet_peer_udp.cpp.o
[ 47%] Building CXX object CMakeFiles/godot-cpp.template_release.dir/gen/src/classes/panel.cpp.o
[ 47%] Building CXX object CMakeFiles/godot-cpp.template_release.dir/gen/src/classes/panel_container.cpp.o
[ 47%] Building CXX object CMakeFiles/godot-cpp.template_release.dir/gen/src/classes/panorama_sky_material.cpp.o
[ 47%] Building CXX object CMakeFiles/godot-cpp.template_release.dir/gen/src/classes/parallax2d.cpp.o
[ 47%] Building CXX object CMakeFiles/godot-cpp.template_release.dir/gen/src/classes/parallax_background.cpp.o
[ 47%] Building CXX object CMakeFiles/godot-cpp.template_release.dir/gen/src/classes/parallax_layer.cpp.o
[ 50%] Building CXX object CMakeFiles/godot-cpp.template_release.dir/gen/src/classes/particle_process_material.cpp.o
[ 50%] Building CXX object CMakeFiles/godot-cpp.template_release.dir/gen/src/classes/path2d.cpp.o
[ 50%] Building CXX object CMakeFiles/godot-cpp.template_release.dir/gen/src/classes/path3d.cpp.o
[ 50%] Building CXX object CMakeFiles/godot-cpp.template_release.dir/gen/src/classes/path_follow2d.cpp.o
[ 50%] Building CXX object CMakeFiles/godot-cpp.template_release.dir/gen/src/classes/path_follow3d.cpp.o
[ 50%] Building CXX object CMakeFiles/godot-cpp.template_release.dir/gen/src/classes/performance.cpp.o
[ 50%] Building CXX object CMakeFiles/godot-cpp.template_release.dir/gen/src/classes/physical_bone2d.cpp.o
[ 50%] Building CXX object CMakeFiles/godot-cpp.template_release.dir/gen/src/classes/physical_bone3d.cpp.o
[ 50%] Building CXX object CMakeFiles/godot-cpp.template_release.dir/gen/src/classes/physical_bone_simulator3d.cpp.o
[ 50%] Building CXX object CMakeFiles/godot-cpp.template_release.dir/gen/src/classes/physical_sky_material.cpp.o
[ 50%] Building CXX object CMakeFiles/godot-cpp.template_release.dir/gen/src/classes/physics_body2d.cpp.o
[ 50%] Building CXX object CMakeFiles/godot-cpp.template_release.dir/gen/src/classes/physics_body3d.cpp.o
[ 50%] Building CXX object CMakeFiles/godot-cpp.template_release.dir/gen/src/classes/physics_direct_body_state2d.cpp.o
[ 50%] Building CXX object CMakeFiles/godot-cpp.template_release.dir/gen/src/classes/physics_direct_body_state2d_extension.cpp.o
[ 50%] Building CXX object CMakeFiles/godot-cpp.template_release.dir/gen/src/classes/physics_direct_body_state3d.cpp.o
[ 50%] Building CXX object CMakeFiles/godot-cpp.template_release.dir/gen/src/classes/physics_direct_body_state3d_extension.cpp.o
[ 50%] Building CXX object CMakeFiles/godot-cpp.template_release.dir/gen/src/classes/physics_direct_space_state2d.cpp.o
[ 50%] Building CXX object CMakeFiles/godot-cpp.template_release.dir/gen/src/classes/physics_direct_space_state2d_extension.cpp.o
[ 50%] Building CXX object CMakeFiles/godot-cpp.template_release.dir/gen/src/classes/physics_direct_space_state3d.cpp.o
[ 50%] Building CXX object CMakeFiles/godot-cpp.template_release.dir/gen/src/classes/physics_direct_space_state3d_extension.cpp.o
[ 50%] Building CXX object CMakeFiles/godot-cpp.template_release.dir/gen/src/classes/physics_material.cpp.o
[ 50%] Building CXX object CMakeFiles/godot-cpp.template_release.dir/gen/src/classes/physics_point_query_parameters2d.cpp.o
[ 50%] Building CXX object CMakeFiles/godot-cpp.template_release.dir/gen/src/classes/physics_point_query_parameters3d.cpp.o
[ 50%] Building CXX object CMakeFiles/godot-cpp.template_release.dir/gen/src/classes/physics_ray_query_parameters2d.cpp.o
[ 50%] Building CXX object CMakeFiles/godot-cpp.template_release.dir/gen/src/classes/physics_ray_query_parameters3d.cpp.o
[ 50%] Building CXX object CMakeFiles/godot-cpp.template_release.dir/gen/src/classes/physics_server2d.cpp.o
[ 50%] Building CXX object CMakeFiles/godot-cpp.template_release.dir/gen/src/classes/physics_server2d_extension.cpp.o
[ 50%] Building CXX object CMakeFiles/godot-cpp.template_release.dir/gen/src/classes/physics_server2d_manager.cpp.o
[ 50%] Building CXX object CMakeFiles/godot-cpp.template_release.dir/gen/src/classes/physics_server3d.cpp.o
[ 50%] Building CXX object CMakeFiles/godot-cpp.template_release.dir/gen/src/classes/physics_server3d_extension.cpp.o
[ 52%] Building CXX object CMakeFiles/godot-cpp.template_release.dir/gen/src/classes/physics_server3d_manager.cpp.o
[ 52%] Building CXX object CMakeFiles/godot-cpp.template_release.dir/gen/src/classes/physics_server3d_rendering_server_handler.cpp.o
[ 52%] Building CXX object CMakeFiles/godot-cpp.template_release.dir/gen/src/classes/physics_shape_query_parameters2d.cpp.o
[ 52%] Building CXX object CMakeFiles/godot-cpp.template_release.dir/gen/src/classes/physics_shape_query_parameters3d.cpp.o
[ 52%] Building CXX object CMakeFiles/godot-cpp.template_release.dir/gen/src/classes/physics_test_motion_parameters2d.cpp.o
[ 52%] Building CXX object CMakeFiles/godot-cpp.template_release.dir/gen/src/classes/physics_test_motion_parameters3d.cpp.o
[ 52%] Building CXX object CMakeFiles/godot-cpp.template_release.dir/gen/src/classes/physics_test_motion_result2d.cpp.o
[ 52%] Building CXX object CMakeFiles/godot-cpp.template_release.dir/gen/src/classes/physics_test_motion_result3d.cpp.o
[ 52%] Building CXX object CMakeFiles/godot-cpp.template_release.dir/gen/src/classes/pin_joint2d.cpp.o
[ 52%] Building CXX object CMakeFiles/godot-cpp.template_release.dir/gen/src/classes/pin_joint3d.cpp.o
[ 52%] Building CXX object CMakeFiles/godot-cpp.template_release.dir/gen/src/classes/placeholder_cubemap.cpp.o
[ 52%] Building CXX object CMakeFiles/godot-cpp.template_release.dir/gen/src/classes/placeholder_cubemap_array.cpp.o
[ 52%] Building CXX object CMakeFiles/godot-cpp.template_release.dir/gen/src/classes/placeholder_material.cpp.o
[ 52%] Building CXX object CMakeFiles/godot-cpp.template_release.dir/gen/src/classes/placeholder_mesh.cpp.o
[ 52%] Building CXX object CMakeFiles/godot-cpp.template_release.dir/gen/src/classes/placeholder_texture2d.cpp.o
[ 52%] Building CXX object CMakeFiles/godot-cpp.template_release.dir/gen/src/classes/placeholder_texture2d_array.cpp.o
[ 52%] Building CXX object CMakeFiles/godot-cpp.template_release.dir/gen/src/classes/placeholder_texture3d.cpp.o
[ 52%] Building CXX object CMakeFiles/godot-cpp.template_release.dir/gen/src/classes/placeholder_texture_layered.cpp.o
[ 52%] Building CXX object CMakeFiles/godot-cpp.template_release.dir/gen/src/classes/plane_mesh.cpp.o
[ 52%] Building CXX object CMakeFiles/godot-cpp.template_release.dir/gen/src/classes/point_light2d.cpp.o
[ 52%] Building CXX object CMakeFiles/godot-cpp.template_release.dir/gen/src/classes/point_mesh.cpp.o
[ 52%] Building CXX object CMakeFiles/godot-cpp.template_release.dir/gen/src/classes/polygon2d.cpp.o
[ 52%] Building CXX object CMakeFiles/godot-cpp.template_release.dir/gen/src/classes/polygon_occluder3d.cpp.o
[ 52%] Building CXX object CMakeFiles/godot-cpp.template_release.dir/gen/src/classes/polygon_path_finder.cpp.o
[ 52%] Building CXX object CMakeFiles/godot-cpp.template_release.dir/gen/src/classes/popup.cpp.o
[ 52%] Building CXX object CMakeFiles/godot-cpp.template_release.dir/gen/src/classes/popup_menu.cpp.o
[ 52%] Building CXX object CMakeFiles/godot-cpp.template_release.dir/gen/src/classes/popup_panel.cpp.o
[ 52%] Building CXX object CMakeFiles/godot-cpp.template_release.dir/gen/src/classes/portable_compressed_texture2d.cpp.o
[ 52%] Building CXX object CMakeFiles/godot-cpp.template_release.dir/gen/src/classes/primitive_mesh.cpp.o
[ 52%] Building CXX object CMakeFiles/godot-cpp.template_release.dir/gen/src/classes/prism_mesh.cpp.o
[ 55%] Building CXX object CMakeFiles/godot-cpp.template_release.dir/gen/src/classes/procedural_sky_material.cpp.o
[ 55%] Building CXX object CMakeFiles/godot-cpp.template_release.dir/gen/src/classes/progress_bar.cpp.o
[ 55%] Building CXX object CMakeFiles/godot-cpp.template_release.dir/gen/src/classes/project_settings.cpp.o
[ 55%] Building CXX object CMakeFiles/godot-cpp.template_release.dir/gen/src/classes/property_tweener.cpp.o
[ 55%] Building CXX object CMakeFiles/godot-cpp.template_release.dir/gen/src/classes/quad_mesh.cpp.o
[ 55%] Building CXX object CMakeFiles/godot-cpp.template_release.dir/gen/src/classes/quad_occluder3d.cpp.o
[ 55%] Building CXX object CMakeFiles/godot-cpp.template_release.dir/gen/src/classes/rd_attachment_format.cpp.o
[ 55%] Building CXX object CMakeFiles/godot-cpp.template_release.dir/gen/src/classes/rd_framebuffer_pass.cpp.o
[ 55%] Building CXX object CMakeFiles/godot-cpp.template_release.dir/gen/src/classes/rd_pipeline_color_blend_state.cpp.o
[ 55%] Building CXX object CMakeFiles/godot-cpp.template_release.dir/gen/src/classes/rd_pipeline_color_blend_state_attachment.cpp.o
[ 55%] Building CXX object CMakeFiles/godot-cpp.template_release.dir/gen/src/classes/rd_pipeline_depth_stencil_state.cpp.o
[ 55%] Building CXX object CMakeFiles/godot-cpp.template_release.dir/gen/src/classes/rd_pipeline_multisample_state.cpp.o
[ 55%] Building CXX object CMakeFiles/godot-cpp.template_release.dir/gen/src/classes/rd_pipeline_rasterization_state.cpp.o
[ 55%] Building CXX object CMakeFiles/godot-cpp.template_release.dir/gen/src/classes/rd_pipeline_specialization_constant.cpp.o
[ 55%] Building CXX object CMakeFiles/godot-cpp.template_release.dir/gen/src/classes/rd_sampler_state.cpp.o
[ 55%] Building CXX object CMakeFiles/godot-cpp.template_release.dir/gen/src/classes/rd_shader_file.cpp.o
[ 55%] Building CXX object CMakeFiles/godot-cpp.template_release.dir/gen/src/classes/rd_shader_spirv.cpp.o
[ 55%] Building CXX object CMakeFiles/godot-cpp.template_release.dir/gen/src/classes/rd_shader_source.cpp.o
[ 55%] Building CXX object CMakeFiles/godot-cpp.template_release.dir/gen/src/classes/rd_texture_format.cpp.o
[ 55%] Building CXX object CMakeFiles/godot-cpp.template_release.dir/gen/src/classes/rd_texture_view.cpp.o
[ 55%] Building CXX object CMakeFiles/godot-cpp.template_release.dir/gen/src/classes/rd_uniform.cpp.o
[ 55%] Building CXX object CMakeFiles/godot-cpp.template_release.dir/gen/src/classes/rd_vertex_attribute.cpp.o
[ 55%] Building CXX object CMakeFiles/godot-cpp.template_release.dir/gen/src/classes/random_number_generator.cpp.o
[ 55%] Building CXX object CMakeFiles/godot-cpp.template_release.dir/gen/src/classes/range.cpp.o
[ 55%] Building CXX object CMakeFiles/godot-cpp.template_release.dir/gen/src/classes/ray_cast2d.cpp.o
[ 55%] Building CXX object CMakeFiles/godot-cpp.template_release.dir/gen/src/classes/ray_cast3d.cpp.o
[ 55%] Building CXX object CMakeFiles/godot-cpp.template_release.dir/gen/src/classes/rectangle_shape2d.cpp.o
[ 55%] Building CXX object CMakeFiles/godot-cpp.template_release.dir/gen/src/classes/ref_counted.cpp.o
[ 55%] Building CXX object CMakeFiles/godot-cpp.template_release.dir/gen/src/classes/reference_rect.cpp.o
[ 55%] Building CXX object CMakeFiles/godot-cpp.template_release.dir/gen/src/classes/reflection_probe.cpp.o
[ 55%] Building CXX object CMakeFiles/godot-cpp.template_release.dir/gen/src/classes/reg_ex.cpp.o
[ 58%] Building CXX object CMakeFiles/godot-cpp.template_release.dir/gen/src/classes/reg_ex_match.cpp.o
[ 58%] Building CXX object CMakeFiles/godot-cpp.template_release.dir/gen/src/classes/remote_transform2d.cpp.o
[ 58%] Building CXX object CMakeFiles/godot-cpp.template_release.dir/gen/src/classes/remote_transform3d.cpp.o
[ 58%] Building CXX object CMakeFiles/godot-cpp.template_release.dir/gen/src/classes/render_data.cpp.o
[ 58%] Building CXX object CMakeFiles/godot-cpp.template_release.dir/gen/src/classes/render_data_extension.cpp.o
[ 58%] Building CXX object CMakeFiles/godot-cpp.template_release.dir/gen/src/classes/render_data_rd.cpp.o
[ 58%] Building CXX object CMakeFiles/godot-cpp.template_release.dir/gen/src/classes/render_scene_buffers.cpp.o
[ 58%] Building CXX object CMakeFiles/godot-cpp.template_release.dir/gen/src/classes/render_scene_buffers_configuration.cpp.o
[ 58%] Building CXX object CMakeFiles/godot-cpp.template_release.dir/gen/src/classes/render_scene_buffers_extension.cpp.o
[ 58%] Building CXX object CMakeFiles/godot-cpp.template_release.dir/gen/src/classes/render_scene_buffers_rd.cpp.o
[ 58%] Building CXX object CMakeFiles/godot-cpp.template_release.dir/gen/src/classes/render_scene_data.cpp.o
[ 58%] Building CXX object CMakeFiles/godot-cpp.template_release.dir/gen/src/classes/render_scene_data_extension.cpp.o
[ 58%] Building CXX object CMakeFiles/godot-cpp.template_release.dir/gen/src/classes/render_scene_data_rd.cpp.o
[ 58%] Building CXX object CMakeFiles/godot-cpp.template_release.dir/gen/src/classes/rendering_device.cpp.o
[ 58%] Building CXX object CMakeFiles/godot-cpp.template_release.dir/gen/src/classes/rendering_server.cpp.o
[ 58%] Building CXX object CMakeFiles/godot-cpp.template_release.dir/gen/src/classes/resource.cpp.o
[ 58%] Building CXX object CMakeFiles/godot-cpp.template_release.dir/gen/src/classes/resource_format_loader.cpp.o
[ 58%] Building CXX object CMakeFiles/godot-cpp.template_release.dir/gen/src/classes/resource_format_saver.cpp.o
[ 58%] Building CXX object CMakeFiles/godot-cpp.template_release.dir/gen/src/classes/resource_importer.cpp.o
[ 58%] Building CXX object CMakeFiles/godot-cpp.template_release.dir/gen/src/classes/resource_importer_bm_font.cpp.o
[ 58%] Building CXX object CMakeFiles/godot-cpp.template_release.dir/gen/src/classes/resource_importer_bit_map.cpp.o
[ 58%] Building CXX object CMakeFiles/godot-cpp.template_release.dir/gen/src/classes/resource_importer_csv_translation.cpp.o
[ 58%] Building CXX object CMakeFiles/godot-cpp.template_release.dir/gen/src/classes/resource_importer_dynamic_font.cpp.o
[ 58%] Building CXX object CMakeFiles/godot-cpp.template_release.dir/gen/src/classes/resource_importer_image.cpp.o
[ 58%] Building CXX object CMakeFiles/godot-cpp.template_release.dir/gen/src/classes/resource_importer_image_font.cpp.o
[ 58%] Building CXX object CMakeFiles/godot-cpp.template_release.dir/gen/src/classes/resource_importer_layered_texture.cpp.o
[ 58%] Building CXX object CMakeFiles/godot-cpp.template_release.dir/gen/src/classes/resource_importer_mp3.cpp.o
[ 58%] Building CXX object CMakeFiles/godot-cpp.template_release.dir/gen/src/classes/resource_importer_obj.cpp.o
[ 58%] Building CXX object CMakeFiles/godot-cpp.template_release.dir/gen/src/classes/resource_importer_ogg_vorbis.cpp.o
[ 58%] Building CXX object CMakeFiles/godot-cpp.template_release.dir/gen/src/classes/resource_importer_scene.cpp.o
[ 61%] Building CXX object CMakeFiles/godot-cpp.template_release.dir/gen/src/classes/resource_importer_shader_file.cpp.o
[ 61%] Building CXX object CMakeFiles/godot-cpp.template_release.dir/gen/src/classes/resource_importer_texture.cpp.o
[ 61%] Building CXX object CMakeFiles/godot-cpp.template_release.dir/gen/src/classes/resource_importer_texture_atlas.cpp.o
[ 61%] Building CXX object CMakeFiles/godot-cpp.template_release.dir/gen/src/classes/resource_importer_wav.cpp.o
[ 61%] Building CXX object CMakeFiles/godot-cpp.template_release.dir/gen/src/classes/resource_loader.cpp.o
[ 61%] Building CXX object CMakeFiles/godot-cpp.template_release.dir/gen/src/classes/resource_preloader.cpp.o
[ 61%] Building CXX object CMakeFiles/godot-cpp.template_release.dir/gen/src/classes/resource_uid.cpp.o
[ 61%] Building CXX object CMakeFiles/godot-cpp.template_release.dir/gen/src/classes/resource_saver.cpp.o
[ 61%] Building CXX object CMakeFiles/godot-cpp.template_release.dir/gen/src/classes/retarget_modifier3d.cpp.o
[ 61%] Building CXX object CMakeFiles/godot-cpp.template_release.dir/gen/src/classes/ribbon_trail_mesh.cpp.o
[ 61%] Building CXX object CMakeFiles/godot-cpp.template_release.dir/gen/src/classes/rich_text_effect.cpp.o
[ 61%] Building CXX object CMakeFiles/godot-cpp.template_release.dir/gen/src/classes/rich_text_label.cpp.o
[ 61%] Building CXX object CMakeFiles/godot-cpp.template_release.dir/gen/src/classes/rigid_body2d.cpp.o
[ 61%] Building CXX object CMakeFiles/godot-cpp.template_release.dir/gen/src/classes/rigid_body3d.cpp.o
[ 61%] Building CXX object CMakeFiles/godot-cpp.template_release.dir/gen/src/classes/root_motion_view.cpp.o
[ 61%] Building CXX object CMakeFiles/godot-cpp.template_release.dir/gen/src/classes/scene_multiplayer.cpp.o
[ 61%] Building CXX object CMakeFiles/godot-cpp.template_release.dir/gen/src/classes/scene_replication_config.cpp.o
[ 61%] Building CXX object CMakeFiles/godot-cpp.template_release.dir/gen/src/classes/scene_state.cpp.o
[ 61%] Building CXX object CMakeFiles/godot-cpp.template_release.dir/gen/src/classes/scene_tree.cpp.o
[ 61%] Building CXX object CMakeFiles/godot-cpp.template_release.dir/gen/src/classes/scene_tree_timer.cpp.o
[ 61%] Building CXX object CMakeFiles/godot-cpp.template_release.dir/gen/src/classes/script.cpp.o
[ 61%] Building CXX object CMakeFiles/godot-cpp.template_release.dir/gen/src/classes/script_create_dialog.cpp.o
[ 61%] Building CXX object CMakeFiles/godot-cpp.template_release.dir/gen/src/classes/script_editor.cpp.o
[ 61%] Building CXX object CMakeFiles/godot-cpp.template_release.dir/gen/src/classes/script_editor_base.cpp.o
[ 61%] Building CXX object CMakeFiles/godot-cpp.template_release.dir/gen/src/classes/script_extension.cpp.o
[ 61%] Building CXX object CMakeFiles/godot-cpp.template_release.dir/gen/src/classes/script_language.cpp.o
[ 61%] Building CXX object CMakeFiles/godot-cpp.template_release.dir/gen/src/classes/script_language_extension.cpp.o
[ 61%] Building CXX object CMakeFiles/godot-cpp.template_release.dir/gen/src/classes/scroll_bar.cpp.o
[ 61%] Building CXX object CMakeFiles/godot-cpp.template_release.dir/gen/src/classes/scroll_container.cpp.o
[ 61%] Building CXX object CMakeFiles/godot-cpp.template_release.dir/gen/src/classes/segment_shape2d.cpp.o
[ 64%] Building CXX object CMakeFiles/godot-cpp.template_release.dir/gen/src/classes/semaphore.cpp.o
[ 64%] Building CXX object CMakeFiles/godot-cpp.template_release.dir/gen/src/classes/separation_ray_shape2d.cpp.o
[ 64%] Building CXX object CMakeFiles/godot-cpp.template_release.dir/gen/src/classes/separation_ray_shape3d.cpp.o
[ 64%] Building CXX object CMakeFiles/godot-cpp.template_release.dir/gen/src/classes/separator.cpp.o
[ 64%] Building CXX object CMakeFiles/godot-cpp.template_release.dir/gen/src/classes/shader.cpp.o
[ 64%] Building CXX object CMakeFiles/godot-cpp.template_release.dir/gen/src/classes/shader_globals_override.cpp.o
[ 64%] Building CXX object CMakeFiles/godot-cpp.template_release.dir/gen/src/classes/shader_include.cpp.o
[ 64%] Building CXX object CMakeFiles/godot-cpp.template_release.dir/gen/src/classes/shader_include_db.cpp.o
[ 64%] Building CXX object CMakeFiles/godot-cpp.template_release.dir/gen/src/classes/shader_material.cpp.o
[ 64%] Building CXX object CMakeFiles/godot-cpp.template_release.dir/gen/src/classes/shape2d.cpp.o
[ 64%] Building CXX object CMakeFiles/godot-cpp.template_release.dir/gen/src/classes/shape3d.cpp.o
[ 64%] Building CXX object CMakeFiles/godot-cpp.template_release.dir/gen/src/classes/shape_cast2d.cpp.o
[ 64%] Building CXX object CMakeFiles/godot-cpp.template_release.dir/gen/src/classes/shape_cast3d.cpp.o
[ 64%] Building CXX object CMakeFiles/godot-cpp.template_release.dir/gen/src/classes/shortcut.cpp.o
[ 64%] Building CXX object CMakeFiles/godot-cpp.template_release.dir/gen/src/classes/skeleton2d.cpp.o
[ 64%] Building CXX object CMakeFiles/godot-cpp.template_release.dir/gen/src/classes/skeleton3d.cpp.o
[ 64%] Building CXX object CMakeFiles/godot-cpp.template_release.dir/gen/src/classes/skeleton_ik3d.cpp.o
[ 64%] Building CXX object CMakeFiles/godot-cpp.template_release.dir/gen/src/classes/skeleton_modification2d.cpp.o
[ 64%] Building CXX object CMakeFiles/godot-cpp.template_release.dir/gen/src/classes/skeleton_modification2dccdik.cpp.o
[ 64%] Building CXX object CMakeFiles/godot-cpp.template_release.dir/gen/src/classes/skeleton_modification2dfabrik.cpp.o
[ 64%] Building CXX object CMakeFiles/godot-cpp.template_release.dir/gen/src/classes/skeleton_modification2d_jiggle.cpp.o
[ 64%] Building CXX object CMakeFiles/godot-cpp.template_release.dir/gen/src/classes/skeleton_modification2d_look_at.cpp.o
[ 64%] Building CXX object CMakeFiles/godot-cpp.template_release.dir/gen/src/classes/skeleton_modification2d_physical_bones.cpp.o
[ 64%] Building CXX object CMakeFiles/godot-cpp.template_release.dir/gen/src/classes/skeleton_modification2d_stack_holder.cpp.o
[ 64%] Building CXX object CMakeFiles/godot-cpp.template_release.dir/gen/src/classes/skeleton_modification2d_two_bone_ik.cpp.o
[ 64%] Building CXX object CMakeFiles/godot-cpp.template_release.dir/gen/src/classes/skeleton_modification_stack2d.cpp.o
[ 64%] Building CXX object CMakeFiles/godot-cpp.template_release.dir/gen/src/classes/skeleton_modifier3d.cpp.o
[ 64%] Building CXX object CMakeFiles/godot-cpp.template_release.dir/gen/src/classes/skeleton_profile.cpp.o
[ 64%] Building CXX object CMakeFiles/godot-cpp.template_release.dir/gen/src/classes/skeleton_profile_humanoid.cpp.o
[ 64%] Building CXX object CMakeFiles/godot-cpp.template_release.dir/gen/src/classes/skin.cpp.o
[ 67%] Building CXX object CMakeFiles/godot-cpp.template_release.dir/gen/src/classes/skin_reference.cpp.o
[ 67%] Building CXX object CMakeFiles/godot-cpp.template_release.dir/gen/src/classes/sky.cpp.o
[ 67%] Building CXX object CMakeFiles/godot-cpp.template_release.dir/gen/src/classes/slider.cpp.o
[ 67%] Building CXX object CMakeFiles/godot-cpp.template_release.dir/gen/src/classes/slider_joint3d.cpp.o
[ 67%] Building CXX object CMakeFiles/godot-cpp.template_release.dir/gen/src/classes/soft_body3d.cpp.o
[ 67%] Building CXX object CMakeFiles/godot-cpp.template_release.dir/gen/src/classes/sphere_mesh.cpp.o
[ 67%] Building CXX object CMakeFiles/godot-cpp.template_release.dir/gen/src/classes/sphere_occluder3d.cpp.o
[ 67%] Building CXX object CMakeFiles/godot-cpp.template_release.dir/gen/src/classes/sphere_shape3d.cpp.o
[ 67%] Building CXX object CMakeFiles/godot-cpp.template_release.dir/gen/src/classes/spin_box.cpp.o
[ 67%] Building CXX object CMakeFiles/godot-cpp.template_release.dir/gen/src/classes/split_container.cpp.o
[ 67%] Building CXX object CMakeFiles/godot-cpp.template_release.dir/gen/src/classes/spot_light3d.cpp.o
[ 67%] Building CXX object CMakeFiles/godot-cpp.template_release.dir/gen/src/classes/spring_arm3d.cpp.o
[ 67%] Building CXX object CMakeFiles/godot-cpp.template_release.dir/gen/src/classes/spring_bone_collision3d.cpp.o
[ 67%] Building CXX object CMakeFiles/godot-cpp.template_release.dir/gen/src/classes/spring_bone_collision_capsule3d.cpp.o
[ 67%] Building CXX object CMakeFiles/godot-cpp.template_release.dir/gen/src/classes/spring_bone_collision_plane3d.cpp.o
[ 67%] Building CXX object CMakeFiles/godot-cpp.template_release.dir/gen/src/classes/spring_bone_collision_sphere3d.cpp.o
[ 67%] Building CXX object CMakeFiles/godot-cpp.template_release.dir/gen/src/classes/spring_bone_simulator3d.cpp.o
[ 67%] Building CXX object CMakeFiles/godot-cpp.template_release.dir/gen/src/classes/sprite2d.cpp.o
[ 67%] Building CXX object CMakeFiles/godot-cpp.template_release.dir/gen/src/classes/sprite3d.cpp.o
[ 67%] Building CXX object CMakeFiles/godot-cpp.template_release.dir/gen/src/classes/sprite_base3d.cpp.o
[ 67%] Building CXX object CMakeFiles/godot-cpp.template_release.dir/gen/src/classes/sprite_frames.cpp.o
[ 67%] Building CXX object CMakeFiles/godot-cpp.template_release.dir/gen/src/classes/standard_material3d.cpp.o
[ 67%] Building CXX object CMakeFiles/godot-cpp.template_release.dir/gen/src/classes/static_body2d.cpp.o
[ 67%] Building CXX object CMakeFiles/godot-cpp.template_release.dir/gen/src/classes/static_body3d.cpp.o
[ 67%] Building CXX object CMakeFiles/godot-cpp.template_release.dir/gen/src/classes/status_indicator.cpp.o
[ 67%] Building CXX object CMakeFiles/godot-cpp.template_release.dir/gen/src/classes/stream_peer.cpp.o
[ 67%] Building CXX object CMakeFiles/godot-cpp.template_release.dir/gen/src/classes/stream_peer_buffer.cpp.o
[ 67%] Building CXX object CMakeFiles/godot-cpp.template_release.dir/gen/src/classes/stream_peer_extension.cpp.o
[ 67%] Building CXX object CMakeFiles/godot-cpp.template_release.dir/gen/src/classes/stream_peer_gzip.cpp.o
[ 67%] Building CXX object CMakeFiles/godot-cpp.template_release.dir/gen/src/classes/stream_peer_tcp.cpp.o
[ 70%] Building CXX object CMakeFiles/godot-cpp.template_release.dir/gen/src/classes/stream_peer_tls.cpp.o
[ 70%] Building CXX object CMakeFiles/godot-cpp.template_release.dir/gen/src/classes/style_box.cpp.o
[ 70%] Building CXX object CMakeFiles/godot-cpp.template_release.dir/gen/src/classes/style_box_empty.cpp.o
[ 70%] Building CXX object CMakeFiles/godot-cpp.template_release.dir/gen/src/classes/style_box_flat.cpp.o
[ 70%] Building CXX object CMakeFiles/godot-cpp.template_release.dir/gen/src/classes/style_box_line.cpp.o
[ 70%] Building CXX object CMakeFiles/godot-cpp.template_release.dir/gen/src/classes/style_box_texture.cpp.o
[ 70%] Building CXX object CMakeFiles/godot-cpp.template_release.dir/gen/src/classes/sub_viewport.cpp.o
[ 70%] Building CXX object CMakeFiles/godot-cpp.template_release.dir/gen/src/classes/sub_viewport_container.cpp.o
[ 70%] Building CXX object CMakeFiles/godot-cpp.template_release.dir/gen/src/classes/subtween_tweener.cpp.o
[ 70%] Building CXX object CMakeFiles/godot-cpp.template_release.dir/gen/src/classes/surface_tool.cpp.o
[ 70%] Building CXX object CMakeFiles/godot-cpp.template_release.dir/gen/src/classes/syntax_highlighter.cpp.o
[ 70%] Building CXX object CMakeFiles/godot-cpp.template_release.dir/gen/src/classes/system_font.cpp.o
[ 70%] Building CXX object CMakeFiles/godot-cpp.template_release.dir/gen/src/classes/tcp_server.cpp.o
[ 70%] Building CXX object CMakeFiles/godot-cpp.template_release.dir/gen/src/classes/tls_options.cpp.o
[ 70%] Building CXX object CMakeFiles/godot-cpp.template_release.dir/gen/src/classes/tab_bar.cpp.o
[ 70%] Building CXX object CMakeFiles/godot-cpp.template_release.dir/gen/src/classes/tab_container.cpp.o
[ 70%] Building CXX object CMakeFiles/godot-cpp.template_release.dir/gen/src/classes/text_edit.cpp.o
[ 70%] Building CXX object CMakeFiles/godot-cpp.template_release.dir/gen/src/classes/text_line.cpp.o
[ 70%] Building CXX object CMakeFiles/godot-cpp.template_release.dir/gen/src/classes/text_mesh.cpp.o
[ 70%] Building CXX object CMakeFiles/godot-cpp.template_release.dir/gen/src/classes/text_paragraph.cpp.o
[ 70%] Building CXX object CMakeFiles/godot-cpp.template_release.dir/gen/src/classes/text_server.cpp.o
[ 70%] Building CXX object CMakeFiles/godot-cpp.template_release.dir/gen/src/classes/text_server_advanced.cpp.o
[ 70%] Building CXX object CMakeFiles/godot-cpp.template_release.dir/gen/src/classes/text_server_dummy.cpp.o
[ 70%] Building CXX object CMakeFiles/godot-cpp.template_release.dir/gen/src/classes/text_server_extension.cpp.o
[ 70%] Building CXX object CMakeFiles/godot-cpp.template_release.dir/gen/src/classes/text_server_manager.cpp.o
[ 70%] Building CXX object CMakeFiles/godot-cpp.template_release.dir/gen/src/classes/texture.cpp.o
[ 70%] Building CXX object CMakeFiles/godot-cpp.template_release.dir/gen/src/classes/texture2d.cpp.o
[ 70%] Building CXX object CMakeFiles/godot-cpp.template_release.dir/gen/src/classes/texture2d_array.cpp.o
[ 70%] Building CXX object CMakeFiles/godot-cpp.template_release.dir/gen/src/classes/texture2d_array_rd.cpp.o
[ 70%] Building CXX object CMakeFiles/godot-cpp.template_release.dir/gen/src/classes/texture2drd.cpp.o
[ 73%] Building CXX object CMakeFiles/godot-cpp.template_release.dir/gen/src/classes/texture3d.cpp.o
[ 73%] Building CXX object CMakeFiles/godot-cpp.template_release.dir/gen/src/classes/texture3drd.cpp.o
[ 73%] Building CXX object CMakeFiles/godot-cpp.template_release.dir/gen/src/classes/texture_button.cpp.o
[ 73%] Building CXX object CMakeFiles/godot-cpp.template_release.dir/gen/src/classes/texture_cubemap_array_rd.cpp.o
[ 73%] Building CXX object CMakeFiles/godot-cpp.template_release.dir/gen/src/classes/texture_cubemap_rd.cpp.o
[ 73%] Building CXX object CMakeFiles/godot-cpp.template_release.dir/gen/src/classes/texture_layered.cpp.o
[ 73%] Building CXX object CMakeFiles/godot-cpp.template_release.dir/gen/src/classes/texture_layered_rd.cpp.o
[ 73%] Building CXX object CMakeFiles/godot-cpp.template_release.dir/gen/src/classes/texture_progress_bar.cpp.o
[ 73%] Building CXX object CMakeFiles/godot-cpp.template_release.dir/gen/src/classes/texture_rect.cpp.o
[ 73%] Building CXX object CMakeFiles/godot-cpp.template_release.dir/gen/src/classes/theme.cpp.o
[ 73%] Building CXX object CMakeFiles/godot-cpp.template_release.dir/gen/src/classes/theme_db.cpp.o
[ 73%] Building CXX object CMakeFiles/godot-cpp.template_release.dir/gen/src/classes/thread.cpp.o
[ 73%] Building CXX object CMakeFiles/godot-cpp.template_release.dir/gen/src/classes/tile_data.cpp.o
[ 73%] Building CXX object CMakeFiles/godot-cpp.template_release.dir/gen/src/classes/tile_map.cpp.o
[ 73%] Building CXX object CMakeFiles/godot-cpp.template_release.dir/gen/src/classes/tile_map_layer.cpp.o
[ 73%] Building CXX object CMakeFiles/godot-cpp.template_release.dir/gen/src/classes/tile_map_pattern.cpp.o
[ 73%] Building CXX object CMakeFiles/godot-cpp.template_release.dir/gen/src/classes/tile_set.cpp.o
[ 73%] Building CXX object CMakeFiles/godot-cpp.template_release.dir/gen/src/classes/tile_set_atlas_source.cpp.o
[ 73%] Building CXX object CMakeFiles/godot-cpp.template_release.dir/gen/src/classes/tile_set_scenes_collection_source.cpp.o
[ 73%] Building CXX object CMakeFiles/godot-cpp.template_release.dir/gen/src/classes/tile_set_source.cpp.o
[ 73%] Building CXX object CMakeFiles/godot-cpp.template_release.dir/gen/src/classes/time.cpp.o
[ 73%] Building CXX object CMakeFiles/godot-cpp.template_release.dir/gen/src/classes/timer.cpp.o
[ 73%] Building CXX object CMakeFiles/godot-cpp.template_release.dir/gen/src/classes/torus_mesh.cpp.o
[ 73%] Building CXX object CMakeFiles/godot-cpp.template_release.dir/gen/src/classes/touch_screen_button.cpp.o
[ 73%] Building CXX object CMakeFiles/godot-cpp.template_release.dir/gen/src/classes/translation.cpp.o
[ 73%] Building CXX object CMakeFiles/godot-cpp.template_release.dir/gen/src/classes/translation_domain.cpp.o
[ 73%] Building CXX object CMakeFiles/godot-cpp.template_release.dir/gen/src/classes/translation_server.cpp.o
[ 73%] Building CXX object CMakeFiles/godot-cpp.template_release.dir/gen/src/classes/tree.cpp.o
[ 73%] Building CXX object CMakeFiles/godot-cpp.template_release.dir/gen/src/classes/tree_item.cpp.o
[ 73%] Building CXX object CMakeFiles/godot-cpp.template_release.dir/gen/src/classes/triangle_mesh.cpp.o
[ 73%] Building CXX object CMakeFiles/godot-cpp.template_release.dir/gen/src/classes/tube_trail_mesh.cpp.o
[ 76%] Building CXX object CMakeFiles/godot-cpp.template_release.dir/gen/src/classes/tween.cpp.o
[ 76%] Building CXX object CMakeFiles/godot-cpp.template_release.dir/gen/src/classes/tweener.cpp.o
[ 76%] Building CXX object CMakeFiles/godot-cpp.template_release.dir/gen/src/classes/udp_server.cpp.o
[ 76%] Building CXX object CMakeFiles/godot-cpp.template_release.dir/gen/src/classes/upnp.cpp.o
[ 76%] Building CXX object CMakeFiles/godot-cpp.template_release.dir/gen/src/classes/upnp_device.cpp.o
[ 76%] Building CXX object CMakeFiles/godot-cpp.template_release.dir/gen/src/classes/undo_redo.cpp.o
[ 76%] Building CXX object CMakeFiles/godot-cpp.template_release.dir/gen/src/classes/uniform_set_cache_rd.cpp.o
[ 76%] Building CXX object CMakeFiles/godot-cpp.template_release.dir/gen/src/classes/v_box_container.cpp.o
[ 76%] Building CXX object CMakeFiles/godot-cpp.template_release.dir/gen/src/classes/v_flow_container.cpp.o
[ 76%] Building CXX object CMakeFiles/godot-cpp.template_release.dir/gen/src/classes/v_scroll_bar.cpp.o
[ 76%] Building CXX object CMakeFiles/godot-cpp.template_release.dir/gen/src/classes/v_separator.cpp.o
[ 76%] Building CXX object CMakeFiles/godot-cpp.template_release.dir/gen/src/classes/v_slider.cpp.o
[ 76%] Building CXX object CMakeFiles/godot-cpp.template_release.dir/gen/src/classes/v_split_container.cpp.o
[ 76%] Building CXX object CMakeFiles/godot-cpp.template_release.dir/gen/src/classes/vehicle_body3d.cpp.o
[ 76%] Building CXX object CMakeFiles/godot-cpp.template_release.dir/gen/src/classes/vehicle_wheel3d.cpp.o
[ 76%] Building CXX object CMakeFiles/godot-cpp.template_release.dir/gen/src/classes/video_stream.cpp.o
[ 76%] Building CXX object CMakeFiles/godot-cpp.template_release.dir/gen/src/classes/video_stream_playback.cpp.o
[ 76%] Building CXX object CMakeFiles/godot-cpp.template_release.dir/gen/src/classes/video_stream_player.cpp.o
[ 76%] Building CXX object CMakeFiles/godot-cpp.template_release.dir/gen/src/classes/video_stream_theora.cpp.o
[ 76%] Building CXX object CMakeFiles/godot-cpp.template_release.dir/gen/src/classes/viewport_texture.cpp.o
[ 76%] Building CXX object CMakeFiles/godot-cpp.template_release.dir/gen/src/classes/viewport.cpp.o
[ 76%] Building CXX object CMakeFiles/godot-cpp.template_release.dir/gen/src/classes/visible_on_screen_enabler2d.cpp.o
[ 76%] Building CXX object CMakeFiles/godot-cpp.template_release.dir/gen/src/classes/visible_on_screen_enabler3d.cpp.o
[ 76%] Building CXX object CMakeFiles/godot-cpp.template_release.dir/gen/src/classes/visible_on_screen_notifier2d.cpp.o
[ 76%] Building CXX object CMakeFiles/godot-cpp.template_release.dir/gen/src/classes/visible_on_screen_notifier3d.cpp.o
[ 76%] Building CXX object CMakeFiles/godot-cpp.template_release.dir/gen/src/classes/visual_instance3d.cpp.o
[ 76%] Building CXX object CMakeFiles/godot-cpp.template_release.dir/gen/src/classes/visual_shader.cpp.o
[ 76%] Building CXX object CMakeFiles/godot-cpp.template_release.dir/gen/src/classes/visual_shader_node.cpp.o
[ 76%] Building CXX object CMakeFiles/godot-cpp.template_release.dir/gen/src/classes/visual_shader_node_billboard.cpp.o
[ 76%] Building CXX object CMakeFiles/godot-cpp.template_release.dir/gen/src/classes/visual_shader_node_boolean_constant.cpp.o
[ 79%] Building CXX object CMakeFiles/godot-cpp.template_release.dir/gen/src/classes/visual_shader_node_boolean_parameter.cpp.o
[ 79%] Building CXX object CMakeFiles/godot-cpp.template_release.dir/gen/src/classes/visual_shader_node_clamp.cpp.o
[ 79%] Building CXX object CMakeFiles/godot-cpp.template_release.dir/gen/src/classes/visual_shader_node_color_constant.cpp.o
[ 79%] Building CXX object CMakeFiles/godot-cpp.template_release.dir/gen/src/classes/visual_shader_node_color_func.cpp.o
[ 79%] Building CXX object CMakeFiles/godot-cpp.template_release.dir/gen/src/classes/visual_shader_node_color_op.cpp.o
[ 79%] Building CXX object CMakeFiles/godot-cpp.template_release.dir/gen/src/classes/visual_shader_node_color_parameter.cpp.o
[ 79%] Building CXX object CMakeFiles/godot-cpp.template_release.dir/gen/src/classes/visual_shader_node_comment.cpp.o
[ 79%] Building CXX object CMakeFiles/godot-cpp.template_release.dir/gen/src/classes/visual_shader_node_compare.cpp.o
[ 79%] Building CXX object CMakeFiles/godot-cpp.template_release.dir/gen/src/classes/visual_shader_node_constant.cpp.o
[ 79%] Building CXX object CMakeFiles/godot-cpp.template_release.dir/gen/src/classes/visual_shader_node_cubemap.cpp.o
[ 79%] Building CXX object CMakeFiles/godot-cpp.template_release.dir/gen/src/classes/visual_shader_node_cubemap_parameter.cpp.o
[ 79%] Building CXX object CMakeFiles/godot-cpp.template_release.dir/gen/src/classes/visual_shader_node_curve_texture.cpp.o
[ 79%] Building CXX object CMakeFiles/godot-cpp.template_release.dir/gen/src/classes/visual_shader_node_curve_xyz_texture.cpp.o
[ 79%] Building CXX object CMakeFiles/godot-cpp.template_release.dir/gen/src/classes/visual_shader_node_custom.cpp.o
[ 79%] Building CXX object CMakeFiles/godot-cpp.template_release.dir/gen/src/classes/visual_shader_node_derivative_func.cpp.o
[ 79%] Building CXX object CMakeFiles/godot-cpp.template_release.dir/gen/src/classes/visual_shader_node_determinant.cpp.o
[ 79%] Building CXX object CMakeFiles/godot-cpp.template_release.dir/gen/src/classes/visual_shader_node_distance_fade.cpp.o
[ 79%] Building CXX object CMakeFiles/godot-cpp.template_release.dir/gen/src/classes/visual_shader_node_dot_product.cpp.o
[ 79%] Building CXX object CMakeFiles/godot-cpp.template_release.dir/gen/src/classes/visual_shader_node_expression.cpp.o
[ 79%] Building CXX object CMakeFiles/godot-cpp.template_release.dir/gen/src/classes/visual_shader_node_face_forward.cpp.o
[ 79%] Building CXX object CMakeFiles/godot-cpp.template_release.dir/gen/src/classes/visual_shader_node_float_constant.cpp.o
[ 79%] Building CXX object CMakeFiles/godot-cpp.template_release.dir/gen/src/classes/visual_shader_node_float_func.cpp.o
[ 79%] Building CXX object CMakeFiles/godot-cpp.template_release.dir/gen/src/classes/visual_shader_node_float_op.cpp.o
[ 79%] Building CXX object CMakeFiles/godot-cpp.template_release.dir/gen/src/classes/visual_shader_node_float_parameter.cpp.o
[ 79%] Building CXX object CMakeFiles/godot-cpp.template_release.dir/gen/src/classes/visual_shader_node_frame.cpp.o
[ 79%] Building CXX object CMakeFiles/godot-cpp.template_release.dir/gen/src/classes/visual_shader_node_fresnel.cpp.o
[ 79%] Building CXX object CMakeFiles/godot-cpp.template_release.dir/gen/src/classes/visual_shader_node_global_expression.cpp.o
[ 79%] Building CXX object CMakeFiles/godot-cpp.template_release.dir/gen/src/classes/visual_shader_node_group_base.cpp.o
[ 79%] Building CXX object CMakeFiles/godot-cpp.template_release.dir/gen/src/classes/visual_shader_node_if.cpp.o
[ 79%] Building CXX object CMakeFiles/godot-cpp.template_release.dir/gen/src/classes/visual_shader_node_input.cpp.o
[ 82%] Building CXX object CMakeFiles/godot-cpp.template_release.dir/gen/src/classes/visual_shader_node_int_constant.cpp.o
[ 82%] Building CXX object CMakeFiles/godot-cpp.template_release.dir/gen/src/classes/visual_shader_node_int_func.cpp.o
[ 82%] Building CXX object CMakeFiles/godot-cpp.template_release.dir/gen/src/classes/visual_shader_node_int_op.cpp.o
[ 82%] Building CXX object CMakeFiles/godot-cpp.template_release.dir/gen/src/classes/visual_shader_node_int_parameter.cpp.o
[ 82%] Building CXX object CMakeFiles/godot-cpp.template_release.dir/gen/src/classes/visual_shader_node_is.cpp.o
[ 82%] Building CXX object CMakeFiles/godot-cpp.template_release.dir/gen/src/classes/visual_shader_node_linear_scene_depth.cpp.o
[ 82%] Building CXX object CMakeFiles/godot-cpp.template_release.dir/gen/src/classes/visual_shader_node_mix.cpp.o
[ 82%] Building CXX object CMakeFiles/godot-cpp.template_release.dir/gen/src/classes/visual_shader_node_multiply_add.cpp.o
[ 82%] Building CXX object CMakeFiles/godot-cpp.template_release.dir/gen/src/classes/visual_shader_node_outer_product.cpp.o
[ 82%] Building CXX object CMakeFiles/godot-cpp.template_release.dir/gen/src/classes/visual_shader_node_output.cpp.o
[ 82%] Building CXX object CMakeFiles/godot-cpp.template_release.dir/gen/src/classes/visual_shader_node_parameter.cpp.o
[ 82%] Building CXX object CMakeFiles/godot-cpp.template_release.dir/gen/src/classes/visual_shader_node_parameter_ref.cpp.o
[ 82%] Building CXX object CMakeFiles/godot-cpp.template_release.dir/gen/src/classes/visual_shader_node_particle_accelerator.cpp.o
[ 82%] Building CXX object CMakeFiles/godot-cpp.template_release.dir/gen/src/classes/visual_shader_node_particle_box_emitter.cpp.o
[ 82%] Building CXX object CMakeFiles/godot-cpp.template_release.dir/gen/src/classes/visual_shader_node_particle_cone_velocity.cpp.o
[ 82%] Building CXX object CMakeFiles/godot-cpp.template_release.dir/gen/src/classes/visual_shader_node_particle_emit.cpp.o
[ 82%] Building CXX object CMakeFiles/godot-cpp.template_release.dir/gen/src/classes/visual_shader_node_particle_emitter.cpp.o
[ 82%] Building CXX object CMakeFiles/godot-cpp.template_release.dir/gen/src/classes/visual_shader_node_particle_mesh_emitter.cpp.o
[ 82%] Building CXX object CMakeFiles/godot-cpp.template_release.dir/gen/src/classes/visual_shader_node_particle_multiply_by_axis_angle.cpp.o
[ 82%] Building CXX object CMakeFiles/godot-cpp.template_release.dir/gen/src/classes/visual_shader_node_particle_output.cpp.o
[ 82%] Building CXX object CMakeFiles/godot-cpp.template_release.dir/gen/src/classes/visual_shader_node_particle_randomness.cpp.o
[ 82%] Building CXX object CMakeFiles/godot-cpp.template_release.dir/gen/src/classes/visual_shader_node_particle_ring_emitter.cpp.o
[ 82%] Building CXX object CMakeFiles/godot-cpp.template_release.dir/gen/src/classes/visual_shader_node_particle_sphere_emitter.cpp.o
[ 82%] Building CXX object CMakeFiles/godot-cpp.template_release.dir/gen/src/classes/visual_shader_node_proximity_fade.cpp.o
[ 82%] Building CXX object CMakeFiles/godot-cpp.template_release.dir/gen/src/classes/visual_shader_node_random_range.cpp.o
[ 82%] Building CXX object CMakeFiles/godot-cpp.template_release.dir/gen/src/classes/visual_shader_node_remap.cpp.o
[ 82%] Building CXX object CMakeFiles/godot-cpp.template_release.dir/gen/src/classes/visual_shader_node_reroute.cpp.o
[ 82%] Building CXX object CMakeFiles/godot-cpp.template_release.dir/gen/src/classes/visual_shader_node_resizable_base.cpp.o
[ 82%] Building CXX object CMakeFiles/godot-cpp.template_release.dir/gen/src/classes/visual_shader_node_rotation_by_axis.cpp.o
[ 82%] Building CXX object CMakeFiles/godot-cpp.template_release.dir/gen/src/classes/visual_shader_node_sdf_raymarch.cpp.o
[ 85%] Building CXX object CMakeFiles/godot-cpp.template_release.dir/gen/src/classes/visual_shader_node_sdf_to_screen_uv.cpp.o
[ 85%] Building CXX object CMakeFiles/godot-cpp.template_release.dir/gen/src/classes/visual_shader_node_sample3d.cpp.o
[ 85%] Building CXX object CMakeFiles/godot-cpp.template_release.dir/gen/src/classes/visual_shader_node_screen_normal_world_space.cpp.o
[ 85%] Building CXX object CMakeFiles/godot-cpp.template_release.dir/gen/src/classes/visual_shader_node_screen_uv_to_sdf.cpp.o
[ 85%] Building CXX object CMakeFiles/godot-cpp.template_release.dir/gen/src/classes/visual_shader_node_smooth_step.cpp.o
[ 85%] Building CXX object CMakeFiles/godot-cpp.template_release.dir/gen/src/classes/visual_shader_node_step.cpp.o
[ 85%] Building CXX object CMakeFiles/godot-cpp.template_release.dir/gen/src/classes/visual_shader_node_switch.cpp.o
[ 85%] Building CXX object CMakeFiles/godot-cpp.template_release.dir/gen/src/classes/visual_shader_node_texture.cpp.o
[ 85%] Building CXX object CMakeFiles/godot-cpp.template_release.dir/gen/src/classes/visual_shader_node_texture2d_array.cpp.o
[ 85%] Building CXX object CMakeFiles/godot-cpp.template_release.dir/gen/src/classes/visual_shader_node_texture2d_array_parameter.cpp.o
[ 85%] Building CXX object CMakeFiles/godot-cpp.template_release.dir/gen/src/classes/visual_shader_node_texture2d_parameter.cpp.o
[ 85%] Building CXX object CMakeFiles/godot-cpp.template_release.dir/gen/src/classes/visual_shader_node_texture3d.cpp.o
[ 85%] Building CXX object CMakeFiles/godot-cpp.template_release.dir/gen/src/classes/visual_shader_node_texture3d_parameter.cpp.o
[ 85%] Building CXX object CMakeFiles/godot-cpp.template_release.dir/gen/src/classes/visual_shader_node_texture_parameter.cpp.o
[ 85%] Building CXX object CMakeFiles/godot-cpp.template_release.dir/gen/src/classes/visual_shader_node_texture_parameter_triplanar.cpp.o
[ 85%] Building CXX object CMakeFiles/godot-cpp.template_release.dir/gen/src/classes/visual_shader_node_texture_sdf.cpp.o
[ 85%] Building CXX object CMakeFiles/godot-cpp.template_release.dir/gen/src/classes/visual_shader_node_texture_sdf_normal.cpp.o
[ 85%] Building CXX object CMakeFiles/godot-cpp.template_release.dir/gen/src/classes/visual_shader_node_transform_compose.cpp.o
[ 85%] Building CXX object CMakeFiles/godot-cpp.template_release.dir/gen/src/classes/visual_shader_node_transform_constant.cpp.o
[ 85%] Building CXX object CMakeFiles/godot-cpp.template_release.dir/gen/src/classes/visual_shader_node_transform_decompose.cpp.o
[ 85%] Building CXX object CMakeFiles/godot-cpp.template_release.dir/gen/src/classes/visual_shader_node_transform_func.cpp.o
[ 85%] Building CXX object CMakeFiles/godot-cpp.template_release.dir/gen/src/classes/visual_shader_node_transform_op.cpp.o
[ 85%] Building CXX object CMakeFiles/godot-cpp.template_release.dir/gen/src/classes/visual_shader_node_transform_parameter.cpp.o
[ 85%] Building CXX object CMakeFiles/godot-cpp.template_release.dir/gen/src/classes/visual_shader_node_transform_vec_mult.cpp.o
[ 85%] Building CXX object CMakeFiles/godot-cpp.template_release.dir/gen/src/classes/visual_shader_node_u_int_constant.cpp.o
[ 85%] Building CXX object CMakeFiles/godot-cpp.template_release.dir/gen/src/classes/visual_shader_node_u_int_func.cpp.o
[ 85%] Building CXX object CMakeFiles/godot-cpp.template_release.dir/gen/src/classes/visual_shader_node_u_int_op.cpp.o
[ 85%] Building CXX object CMakeFiles/godot-cpp.template_release.dir/gen/src/classes/visual_shader_node_u_int_parameter.cpp.o
[ 85%] Building CXX object CMakeFiles/godot-cpp.template_release.dir/gen/src/classes/visual_shader_node_uv_func.cpp.o
[ 85%] Building CXX object CMakeFiles/godot-cpp.template_release.dir/gen/src/classes/visual_shader_node_uv_polar_coord.cpp.o
[ 88%] Building CXX object CMakeFiles/godot-cpp.template_release.dir/gen/src/classes/visual_shader_node_varying.cpp.o
[ 88%] Building CXX object CMakeFiles/godot-cpp.template_release.dir/gen/src/classes/visual_shader_node_varying_getter.cpp.o
[ 88%] Building CXX object CMakeFiles/godot-cpp.template_release.dir/gen/src/classes/visual_shader_node_varying_setter.cpp.o
[ 88%] Building CXX object CMakeFiles/godot-cpp.template_release.dir/gen/src/classes/visual_shader_node_vec2_constant.cpp.o
[ 88%] Building CXX object CMakeFiles/godot-cpp.template_release.dir/gen/src/classes/visual_shader_node_vec2_parameter.cpp.o
[ 88%] Building CXX object CMakeFiles/godot-cpp.template_release.dir/gen/src/classes/visual_shader_node_vec3_constant.cpp.o
[ 88%] Building CXX object CMakeFiles/godot-cpp.template_release.dir/gen/src/classes/visual_shader_node_vec3_parameter.cpp.o
[ 88%] Building CXX object CMakeFiles/godot-cpp.template_release.dir/gen/src/classes/visual_shader_node_vec4_constant.cpp.o
[ 88%] Building CXX object CMakeFiles/godot-cpp.template_release.dir/gen/src/classes/visual_shader_node_vec4_parameter.cpp.o
[ 88%] Building CXX object CMakeFiles/godot-cpp.template_release.dir/gen/src/classes/visual_shader_node_vector_base.cpp.o
[ 88%] Building CXX object CMakeFiles/godot-cpp.template_release.dir/gen/src/classes/visual_shader_node_vector_compose.cpp.o
[ 88%] Building CXX object CMakeFiles/godot-cpp.template_release.dir/gen/src/classes/visual_shader_node_vector_decompose.cpp.o
[ 88%] Building CXX object CMakeFiles/godot-cpp.template_release.dir/gen/src/classes/visual_shader_node_vector_distance.cpp.o
[ 88%] Building CXX object CMakeFiles/godot-cpp.template_release.dir/gen/src/classes/visual_shader_node_vector_func.cpp.o
[ 88%] Building CXX object CMakeFiles/godot-cpp.template_release.dir/gen/src/classes/visual_shader_node_vector_len.cpp.o
[ 88%] Building CXX object CMakeFiles/godot-cpp.template_release.dir/gen/src/classes/visual_shader_node_vector_op.cpp.o
[ 88%] Building CXX object CMakeFiles/godot-cpp.template_release.dir/gen/src/classes/visual_shader_node_vector_refract.cpp.o
[ 88%] Building CXX object CMakeFiles/godot-cpp.template_release.dir/gen/src/classes/visual_shader_node_world_position_from_depth.cpp.o
[ 88%] Building CXX object CMakeFiles/godot-cpp.template_release.dir/gen/src/classes/voxel_gi.cpp.o
[ 88%] Building CXX object CMakeFiles/godot-cpp.template_release.dir/gen/src/classes/voxel_gi_data.cpp.o
[ 88%] Building CXX object CMakeFiles/godot-cpp.template_release.dir/gen/src/classes/weak_ref.cpp.o
[ 88%] Building CXX object CMakeFiles/godot-cpp.template_release.dir/gen/src/classes/web_rtc_data_channel.cpp.o
[ 88%] Building CXX object CMakeFiles/godot-cpp.template_release.dir/gen/src/classes/web_rtc_data_channel_extension.cpp.o
[ 88%] Building CXX object CMakeFiles/godot-cpp.template_release.dir/gen/src/classes/web_rtc_multiplayer_peer.cpp.o
[ 88%] Building CXX object CMakeFiles/godot-cpp.template_release.dir/gen/src/classes/web_rtc_peer_connection.cpp.o
[ 88%] Building CXX object CMakeFiles/godot-cpp.template_release.dir/gen/src/classes/web_rtc_peer_connection_extension.cpp.o
[ 88%] Building CXX object CMakeFiles/godot-cpp.template_release.dir/gen/src/classes/web_socket_multiplayer_peer.cpp.o
[ 88%] Building CXX object CMakeFiles/godot-cpp.template_release.dir/gen/src/classes/web_socket_peer.cpp.o
[ 88%] Building CXX object CMakeFiles/godot-cpp.template_release.dir/gen/src/classes/web_xr_interface.cpp.o
[ 88%] Building CXX object CMakeFiles/godot-cpp.template_release.dir/gen/src/classes/window.cpp.o
[ 91%] Building CXX object CMakeFiles/godot-cpp.template_release.dir/gen/src/classes/worker_thread_pool.cpp.o
[ 91%] Building CXX object CMakeFiles/godot-cpp.template_release.dir/gen/src/classes/world2d.cpp.o
[ 91%] Building CXX object CMakeFiles/godot-cpp.template_release.dir/gen/src/classes/world3d.cpp.o
[ 91%] Building CXX object CMakeFiles/godot-cpp.template_release.dir/gen/src/classes/world_boundary_shape2d.cpp.o
[ 91%] Building CXX object CMakeFiles/godot-cpp.template_release.dir/gen/src/classes/world_boundary_shape3d.cpp.o
[ 91%] Building CXX object CMakeFiles/godot-cpp.template_release.dir/gen/src/classes/world_environment.cpp.o
[ 91%] Building CXX object CMakeFiles/godot-cpp.template_release.dir/gen/src/classes/x509_certificate.cpp.o
[ 91%] Building CXX object CMakeFiles/godot-cpp.template_release.dir/gen/src/classes/xml_parser.cpp.o
[ 91%] Building CXX object CMakeFiles/godot-cpp.template_release.dir/gen/src/classes/xr_anchor3d.cpp.o
[ 91%] Building CXX object CMakeFiles/godot-cpp.template_release.dir/gen/src/classes/xr_body_modifier3d.cpp.o
[ 91%] Building CXX object CMakeFiles/godot-cpp.template_release.dir/gen/src/classes/xr_body_tracker.cpp.o
[ 91%] Building CXX object CMakeFiles/godot-cpp.template_release.dir/gen/src/classes/xr_camera3d.cpp.o
[ 91%] Building CXX object CMakeFiles/godot-cpp.template_release.dir/gen/src/classes/xr_controller3d.cpp.o
[ 91%] Building CXX object CMakeFiles/godot-cpp.template_release.dir/gen/src/classes/xr_controller_tracker.cpp.o
[ 91%] Building CXX object CMakeFiles/godot-cpp.template_release.dir/gen/src/classes/xr_face_modifier3d.cpp.o
[ 91%] Building CXX object CMakeFiles/godot-cpp.template_release.dir/gen/src/classes/xr_face_tracker.cpp.o
[ 91%] Building CXX object CMakeFiles/godot-cpp.template_release.dir/gen/src/classes/xr_hand_modifier3d.cpp.o
[ 91%] Building CXX object CMakeFiles/godot-cpp.template_release.dir/gen/src/classes/xr_hand_tracker.cpp.o
[ 91%] Building CXX object CMakeFiles/godot-cpp.template_release.dir/gen/src/classes/xr_interface.cpp.o
[ 91%] Building CXX object CMakeFiles/godot-cpp.template_release.dir/gen/src/classes/xr_interface_extension.cpp.o
[ 91%] Building CXX object CMakeFiles/godot-cpp.template_release.dir/gen/src/classes/xr_node3d.cpp.o
[ 91%] Building CXX object CMakeFiles/godot-cpp.template_release.dir/gen/src/classes/xr_origin3d.cpp.o
[ 91%] Building CXX object CMakeFiles/godot-cpp.template_release.dir/gen/src/classes/xr_pose.cpp.o
[ 91%] Building CXX object CMakeFiles/godot-cpp.template_release.dir/gen/src/classes/xr_positional_tracker.cpp.o
[ 91%] Building CXX object CMakeFiles/godot-cpp.template_release.dir/gen/src/classes/xr_server.cpp.o
[ 91%] Building CXX object CMakeFiles/godot-cpp.template_release.dir/gen/src/classes/xr_tracker.cpp.o
[ 91%] Building CXX object CMakeFiles/godot-cpp.template_release.dir/gen/src/classes/xrvrs.cpp.o
[ 91%] Building CXX object CMakeFiles/godot-cpp.template_release.dir/gen/src/classes/zip_packer.cpp.o
[ 91%] Building CXX object CMakeFiles/godot-cpp.template_release.dir/gen/src/classes/zip_reader.cpp.o
[ 91%] Building CXX object CMakeFiles/godot-cpp.template_release.dir/gen/src/variant/utility_functions.cpp.o
[ 94%] Linking CXX static library bin/libgodot-cpp.linux.template_release.x86_64.a
[100%] Built target godot-cpp.template_release
RC=0
[ 45%] Built target meshoptimizer
[ 90%] Built target h3
[100%] Built target worldstream_core
[ 41%] Built target meshoptimizer
[ 83%] Built target h3
[ 91%] Built target worldstream_core
[ 91%] Building CXX object CMakeFiles/worldstream_tests.dir/tools/worldstream_test.cpp.o
[100%] Linking CXX executable worldstream_tests
[100%] Built target worldstream_tests
[ 20%] Built target meshoptimizer
[ 40%] Built target h3
[ 44%] Built target worldstream_core
[ 44%] Generating bindings
Built-in type config: float_64
[ 48%] Building CXX object godot-cpp/CMakeFiles/godot-cpp.template_release.dir/src/classes/editor_plugin_registration.cpp.o
[ 48%] Building CXX object godot-cpp/CMakeFiles/godot-cpp.template_release.dir/src/classes/low_level.cpp.o
[ 48%] Building CXX object godot-cpp/CMakeFiles/godot-cpp.template_release.dir/src/classes/wrapped.cpp.o
[ 48%] Building CXX object godot-cpp/CMakeFiles/godot-cpp.template_release.dir/src/core/class_db.cpp.o
[ 48%] Building CXX object godot-cpp/CMakeFiles/godot-cpp.template_release.dir/src/core/error_macros.cpp.o
[ 48%] Building CXX object godot-cpp/CMakeFiles/godot-cpp.template_release.dir/src/core/method_bind.cpp.o
[ 48%] Building CXX object godot-cpp/CMakeFiles/godot-cpp.template_release.dir/src/core/object.cpp.o
[ 48%] Building CXX object godot-cpp/CMakeFiles/godot-cpp.template_release.dir/src/core/print_string.cpp.o
[ 52%] Building CXX object godot-cpp/CMakeFiles/godot-cpp.template_release.dir/src/godot.cpp.o
[ 52%] Building CXX object godot-cpp/CMakeFiles/godot-cpp.template_release.dir/src/variant/aabb.cpp.o
[ 52%] Building CXX object godot-cpp/CMakeFiles/godot-cpp.template_release.dir/src/variant/basis.cpp.o
[ 52%] Building CXX object godot-cpp/CMakeFiles/godot-cpp.template_release.dir/src/variant/callable_custom.cpp.o
[ 52%] Building CXX object godot-cpp/CMakeFiles/godot-cpp.template_release.dir/src/variant/callable_method_pointer.cpp.o
[ 56%] Building CXX object godot-cpp/CMakeFiles/godot-cpp.template_release.dir/src/variant/char_string.cpp.o
[ 56%] Building CXX object godot-cpp/CMakeFiles/godot-cpp.template_release.dir/src/variant/color.cpp.o
[ 56%] Building CXX object godot-cpp/CMakeFiles/godot-cpp.template_release.dir/src/variant/packed_arrays.cpp.o
[ 56%] Building CXX object godot-cpp/CMakeFiles/godot-cpp.template_release.dir/src/variant/plane.cpp.o
[ 60%] Building CXX object godot-cpp/CMakeFiles/godot-cpp.template_release.dir/src/variant/projection.cpp.o
[ 60%] Building CXX object godot-cpp/CMakeFiles/godot-cpp.template_release.dir/src/variant/quaternion.cpp.o
[ 60%] Building CXX object godot-cpp/CMakeFiles/godot-cpp.template_release.dir/src/variant/rect2.cpp.o
[ 60%] Building CXX object godot-cpp/CMakeFiles/godot-cpp.template_release.dir/src/variant/rect2i.cpp.o
[ 60%] Building CXX object godot-cpp/CMakeFiles/godot-cpp.template_release.dir/src/variant/transform2d.cpp.o
[ 64%] Building CXX object godot-cpp/CMakeFiles/godot-cpp.template_release.dir/src/variant/transform3d.cpp.o
[ 64%] Building CXX object godot-cpp/CMakeFiles/godot-cpp.template_release.dir/src/variant/variant.cpp.o
[ 64%] Building CXX object godot-cpp/CMakeFiles/godot-cpp.template_release.dir/src/variant/variant_internal.cpp.o
[ 64%] Building CXX object godot-cpp/CMakeFiles/godot-cpp.template_release.dir/src/variant/vector2.cpp.o
[ 68%] Building CXX object godot-cpp/CMakeFiles/godot-cpp.template_release.dir/src/variant/vector2i.cpp.o
[ 68%] Building CXX object godot-cpp/CMakeFiles/godot-cpp.template_release.dir/src/variant/vector3.cpp.o
[ 68%] Building CXX object godot-cpp/CMakeFiles/godot-cpp.template_release.dir/src/variant/vector3i.cpp.o
[ 68%] Building CXX object godot-cpp/CMakeFiles/godot-cpp.template_release.dir/src/variant/vector4.cpp.o
[ 68%] Building CXX object godot-cpp/CMakeFiles/godot-cpp.template_release.dir/src/variant/vector4i.cpp.o
[ 72%] Building CXX object godot-cpp/CMakeFiles/godot-cpp.template_release.dir/gen/src/variant/string.cpp.o
[ 72%] Building CXX object godot-cpp/CMakeFiles/godot-cpp.template_release.dir/gen/src/variant/string_name.cpp.o
[ 72%] Building CXX object godot-cpp/CMakeFiles/godot-cpp.template_release.dir/gen/src/variant/node_path.cpp.o
[ 72%] Building CXX object godot-cpp/CMakeFiles/godot-cpp.template_release.dir/gen/src/variant/rid.cpp.o
[ 76%] Building CXX object godot-cpp/CMakeFiles/godot-cpp.template_release.dir/gen/src/variant/callable.cpp.o
[ 76%] Building CXX object godot-cpp/CMakeFiles/godot-cpp.template_release.dir/gen/src/variant/signal.cpp.o
[ 76%] Building CXX object godot-cpp/CMakeFiles/godot-cpp.template_release.dir/gen/src/variant/dictionary.cpp.o
[ 76%] Building CXX object godot-cpp/CMakeFiles/godot-cpp.template_release.dir/gen/src/variant/array.cpp.o
[ 76%] Building CXX object godot-cpp/CMakeFiles/godot-cpp.template_release.dir/gen/src/variant/packed_byte_array.cpp.o
[ 80%] Building CXX object godot-cpp/CMakeFiles/godot-cpp.template_release.dir/gen/src/variant/packed_int32_array.cpp.o
[ 80%] Building CXX object godot-cpp/CMakeFiles/godot-cpp.template_release.dir/gen/src/variant/packed_int64_array.cpp.o
[ 80%] Building CXX object godot-cpp/CMakeFiles/godot-cpp.template_release.dir/gen/src/variant/packed_float32_array.cpp.o
[ 80%] Building CXX object godot-cpp/CMakeFiles/godot-cpp.template_release.dir/gen/src/variant/packed_float64_array.cpp.o
[ 84%] Building CXX object godot-cpp/CMakeFiles/godot-cpp.template_release.dir/gen/src/variant/packed_string_array.cpp.o
[ 84%] Building CXX object godot-cpp/CMakeFiles/godot-cpp.template_release.dir/gen/src/variant/packed_vector2_array.cpp.o
[ 84%] Building CXX object godot-cpp/CMakeFiles/godot-cpp.template_release.dir/gen/src/variant/packed_vector3_array.cpp.o
[ 84%] Building CXX object godot-cpp/CMakeFiles/godot-cpp.template_release.dir/gen/src/variant/packed_color_array.cpp.o
[ 84%] Building CXX object godot-cpp/CMakeFiles/godot-cpp.template_release.dir/gen/src/variant/packed_vector4_array.cpp.o
[ 88%] Building CXX object godot-cpp/CMakeFiles/godot-cpp.template_release.dir/gen/src/classes/class_db_singleton.cpp.o
[ 88%] Building CXX object godot-cpp/CMakeFiles/godot-cpp.template_release.dir/gen/src/classes/file_access.cpp.o
[ 88%] Building CXX object godot-cpp/CMakeFiles/godot-cpp.template_release.dir/gen/src/classes/image.cpp.o
[ 88%] Building CXX object godot-cpp/CMakeFiles/godot-cpp.template_release.dir/gen/src/classes/mutex.cpp.o
[ 88%] Building CXX object godot-cpp/CMakeFiles/godot-cpp.template_release.dir/gen/src/classes/os.cpp.o
[ 92%] Building CXX object godot-cpp/CMakeFiles/godot-cpp.template_release.dir/gen/src/classes/object.cpp.o
[ 92%] Building CXX object godot-cpp/CMakeFiles/godot-cpp.template_release.dir/gen/src/classes/ref_counted.cpp.o
[ 92%] Building CXX object godot-cpp/CMakeFiles/godot-cpp.template_release.dir/gen/src/classes/resource.cpp.o
[ 92%] Building CXX object godot-cpp/CMakeFiles/godot-cpp.template_release.dir/gen/src/classes/semaphore.cpp.o
[ 96%] Building CXX object godot-cpp/CMakeFiles/godot-cpp.template_release.dir/gen/src/classes/worker_thread_pool.cpp.o
[ 96%] Building CXX object godot-cpp/CMakeFiles/godot-cpp.template_release.dir/gen/src/classes/xml_parser.cpp.o
[ 96%] Building CXX object godot-cpp/CMakeFiles/godot-cpp.template_release.dir/gen/src/variant/utility_functions.cpp.o
[ 96%] Linking CXX static library ../bin/libgodot-cpp.linux.template_release.x86_64.a
[100%] Built target godot-cpp.template_release
[100%] Building CXX object CMakeFiles/worldstream.dir/src/gdextension/register_types.cpp.o
[100%] Building CXX object CMakeFiles/worldstream.dir/src/gdextension/world_stream_native.cpp.o
In file included from /home/daytona/codebase/godot_client/godot-cpp/include/godot_cpp/classes/ref.hpp:38,
                 from /home/daytona/codebase/godot_client/ws_build/worldstream/godot-cpp/gen/include/godot_cpp/classes/ref_counted.hpp:36,
                 from /home/daytona/codebase/godot_client/worldstream/src/gdextension/world_stream_native.h:18,
                 from /home/daytona/codebase/godot_client/worldstream/src/gdextension/world_stream_native.cpp:6:
/home/daytona/codebase/godot_client/godot-cpp/include/godot_cpp/core/binder_common.hpp: In instantiation of ‘GDExtensionVariantType godot::call_get_argument_type(int) [with P = {}]’:
/home/daytona/codebase/godot_client/godot-cpp/include/godot_cpp/core/method_bind.hpp:532:39:   required from ‘GDExtensionVariantType godot::MethodBindTRC<R, P>::gen_argument_type(int) const [with R = long int; P = {}]’
/home/daytona/codebase/godot_client/godot-cpp/include/godot_cpp/core/method_bind.hpp:530:33:   required from here
/home/daytona/codebase/godot_client/godot-cpp/include/godot_cpp/core/binder_common.hpp:489:51: warning: parameter ‘p_arg’ set but not used [-Wunused-but-set-parameter]
  489 | GDExtensionVariantType call_get_argument_type(int p_arg) {
      |                                               ~~~~^~~~~
/home/daytona/codebase/godot_client/godot-cpp/include/godot_cpp/core/binder_common.hpp: In instantiation of ‘void godot::call_get_argument_type_info(int, godot::PropertyInfo&) [with P = {}]’:
/home/daytona/codebase/godot_client/godot-cpp/include/godot_cpp/core/method_bind.hpp:541:37:   required from ‘godot::PropertyInfo godot::MethodBindTRC<R, P>::gen_argument_type_info(int) const [with R = long int; P = {}]’
/home/daytona/codebase/godot_client/godot-cpp/include/godot_cpp/core/method_bind.hpp:538:23:   required from here
/home/daytona/codebase/godot_client/godot-cpp/include/godot_cpp/core/binder_common.hpp:509:38: warning: parameter ‘p_arg’ set but not used [-Wunused-but-set-parameter]
  509 | void call_get_argument_type_info(int p_arg, PropertyInfo &info) {
      |                                  ~~~~^~~~~
/home/daytona/codebase/godot_client/godot-cpp/include/godot_cpp/core/binder_common.hpp: In instantiation of ‘GDExtensionClassMethodArgumentMetadata godot::call_get_argument_metadata(int) [with P = {}]’:
/home/daytona/codebase/godot_client/godot-cpp/include/godot_cpp/core/method_bind.hpp:554:43:   required from ‘GDExtensionClassMethodArgumentMetadata godot::MethodBindTRC<R, P>::get_argument_metadata(int) const [with R = long int; P = {}]’
/home/daytona/codebase/godot_client/godot-cpp/include/godot_cpp/core/method_bind.hpp:552:49:   required from here
/home/daytona/codebase/godot_client/godot-cpp/include/godot_cpp/core/binder_common.hpp:527:71: warning: parameter ‘p_arg’ set but not used [-Wunused-but-set-parameter]
  527 | GDExtensionClassMethodArgumentMetadata call_get_argument_metadata(int p_arg) {
      |                                                                   ~~~~^~~~~
[100%] Linking CXX shared library /home/daytona/codebase/godot_client/ws_build/bin/libworldstream.linux.template_release.x86_64.so
[100%] Built target worldstream
